subject_id,nama,date,time,epoch_ms,ts_millis,ax1,ay1,az1,gx1,gy1,gz1,ax2,ay2,az2,gx2,gy2,gz2,pressure_hpa,altitude_m,,label
2,anisa,5/20/2026,12:06:44 PM,1162343642,332186,1.02295,-0.06201,0.37354,1.641,1.992,1.359,0.91528,0.46069,0.21826,-2.855,-2.794,-3.985,1005.64,63.56,,benar
2,anisa,5/20/2026,12:06:44 PM,1162343842,332386,1.02295,-0.06201,0.37354,1.641,1.992,1.359,0.91528,0.46069,0.21826,-2.855,-2.794,-3.985,1005.63,63.641,,benar
2,anisa,5/20/2026,12:06:45 PM,1162344042,332586,1.02295,-0.06201,0.37354,1.641,1.992,1.359,0.91528,0.46069,0.21826,-2.855,-2.794,-3.985,1005.63,63.641,,benar
2,anisa,5/20/2026,12:06:45 PM,1162344251,332795,0.62793,-0.00537,0.97144,-1.55,0.092,-4.565,0.9563,0.33252,0.16479,13.626,5.649,-8.069,1005.63,63.641,,benar
2,anisa,5/20/2026,12:06:45 PM,1162344442,331986,0.62793,-0.00537,0.97144,-1.55,0.092,-4.565,0.9563,0.33252,0.16479,13.626,5.649,-8.069,1005.64,63.56,,benar
2,anisa,5/20/2026,12:06:45 PM,1162344651,333195,0.62793,-0.00537,0.97144,-1.55,0.092,-4.565,0.9563,0.33252,0.16479,13.626,5.649,-8.069,1005.63,63.641,,benar
2,anisa,5/20/2026,12:06:45 PM,1162344851,333395,0.62793,-0.00537,0.97144,-1.55,0.092,-4.565,0.9563,0.33252,0.16479,13.626,5.649,-8.069,1005.61,63.804,,benar
2,anisa,5/20/2026,12:06:46 PM,1162345051,333595,0.62793,-0.00537,0.97144,-1.55,0.092,-4.565,0.9563,0.33252,0.16479,13.626,5.649,-8.069,1005.61,63.804,,benar
2,anisa,5/20/2026,12:06:46 PM,1162345451,332995,0.62793,-0.00537,0.97144,-1.55,0.092,-4.565,0.9563,0.33252,0.16479,13.626,5.649,-8.069,1005.63,63.641,,benar
2,anisa,5/20/2026,12:06:49 PM,1162348086,336630,0.90967,-0.03662,0.57153,8.122,20.229,-0.916,0.72217,0.60107,0.35767,0.679,7.153,-0.611,1005.59,63.949,,benar
2,anisa,5/20/2026,12:06:49 PM,1162348286,336830,0.90967,-0.03662,0.57153,8.122,20.229,-0.916,0.72217,0.60107,0.35767,0.679,7.153,-0.611,1005.59,63.949,,benar
2,anisa,5/20/2026,12:06:49 PM,1162348486,337030,0.90967,-0.03662,0.57153,8.122,20.229,-0.916,0.72217,0.60107,0.35767,0.679,7.153,-0.611,1005.59,63.949,,benar
2,anisa,5/20/2026,12:06:49 PM,1162348686,337230,0.90967,-0.03662,0.57153,8.122,20.229,-0.916,0.72217,0.60107,0.35767,0.679,7.153,-0.611,1005.57,64.166,,benar
2,anisa,5/20/2026,12:06:49 PM,1162348886,337430,0.90967,-0.03662,0.57153,8.122,20.229,-0.916,0.72217,0.60107,0.35767,0.679,7.153,-0.611,1005.57,64.166,,benar
2,anisa,5/20/2026,12:06:50 PM,1162349086,337630,0.90967,-0.03662,0.57153,8.122,20.229,-0.916,0.72217,0.60107,0.35767,0.679,7.153,-0.611,1005.57,64.166,,benar
2,anisa,5/20/2026,12:06:50 PM,1162349286,337830,0.90967,-0.03662,0.57153,8.122,20.229,-0.916,0.72217,0.60107,0.35767,0.679,7.153,-0.611,1005.57,64.166,,benar
2,anisa,5/20/2026,12:06:50 PM,1162349486,338030,0.90967,-0.03662,0.57153,8.122,20.229,-0.916,0.72217,0.60107,0.35767,0.679,7.153,-0.611,1005.57,64.166,,benar
2,anisa,5/20/2026,12:06:50 PM,1162349686,338230,0.90967,-0.03662,0.57153,8.122,20.229,-0.916,0.72217,0.60107,0.35767,0.679,7.153,-0.611,1005.61,63.766,,benar
2,anisa,5/20/2026,12:06:50 PM,1162349886,338430,0.90967,-0.03662,0.57153,8.122,20.229,-0.916,0.72217,0.60107,0.35767,0.679,7.153,-0.611,1005.61,63.766,,benar
2,anisa,5/20/2026,12:06:51 PM,1162350086,338630,0.90967,-0.03662,0.57153,8.122,20.229,-0.916,0.72217,0.60107,0.35767,0.679,7.153,-0.611,1005.61,63.766,,benar
2,anisa,5/20/2026,12:06:51 PM,1162350286,338830,0.90967,-0.03662,0.57153,8.122,20.229,-0.916,0.72217,0.60107,0.35767,0.679,7.153,-0.611,1005.61,63.766,,benar
2,anisa,5/20/2026,12:06:51 PM,1162350486,339030,0.90967,-0.03662,0.57153,8.122,20.229,-0.916,0.72217,0.60107,0.35767,0.679,7.153,-0.611,1005.61,63.766,,benar
2,anisa,5/20/2026,12:06:51 PM,1162350686,339230,0.90967,-0.03662,0.57153,8.122,20.229,-0.916,0.72217,0.60107,0.35767,0.679,7.153,-0.611,1005.64,63.569,,benar
2,anisa,5/20/2026,12:06:51 PM,1162350886,339430,0.90967,-0.03662,0.57153,8.122,20.229,-0.916,0.72217,0.60107,0.35767,0.679,7.153,-0.611,1005.64,63.569,,benar
2,anisa,5/20/2026,12:06:52 PM,1162351086,339630,0.90967,-0.03662,0.57153,8.122,20.229,-0.916,0.72217,0.60107,0.35767,0.679,7.153,-0.611,1005.64,63.569,,benar
2,anisa,5/20/2026,12:06:52 PM,1162351286,339830,0.55762,-0.0769,1.01904,-5.122,1.328,2.344,0.71899,0.57349,0.38062,-4.641,1.756,0.176,1005.64,63.569,,benar
2,anisa,5/20/2026,12:06:52 PM,1162351486,340030,0.55762,-0.0769,1.01904,-5.122,1.328,2.344,0.71899,0.57349,0.38062,-4.641,1.756,0.176,1005.64,63.569,,benar
2,anisa,5/20/2026,12:06:55 PM,1162354192,342736,0.38477,-0.05078,0.91748,4.679,-29.649,3.282,0.66309,0.42383,0.22559,1.573,-27.168,36.336,1005.61,63.834,,benar
2,anisa,5/20/2026,12:06:55 PM,1162354592,343136,0.88867,-0.08765,0.61987,4.962,-21.435,7.748,0.94141,0.30591,0.08057,-0.641,-8.779,14.985,1005.61,63.834,,benar
2,anisa,5/20/2026,12:06:55 PM,1162354792,343336,0.87329,-0.07031,0.59009,1.092,-2.42,1.527,1.01587,0.27832,0.10718,9.046,0.29,6.397,1005.56,64.232,,benar
2,anisa,5/20/2026,12:06:56 PM,1162354992,343536,0.85107,-0.08325,0.6167,8.061,13.489,4.168,0.98853,0.30396,0.10449,10.985,9.809,-4.122,1005.56,64.232,,benar
2,anisa,5/20/2026,12:06:56 PM,1162355192,343736,0.83667,-0.00342,0.58447,-13.046,32.901,-5.374,0.77222,0.27612,0.01831,-20.855,10.725,-23.725,1005.56,64.232,,benar
2,anisa,5/20/2026,12:06:56 PM,1162355392,342936,0.6311,-0.18237,0.7478,-14.053,23.687,-8.527,0.66406,0.32251,0.24121,-13.832,3.397,-30.351,1005.61,63.834,,benar
2,anisa,5/20/2026,12:06:57 PM,1162356392,343936,0.7688,-0.05029,0.76563,-2.008,14.855,-5.145,0.89795,0.32227,0.13135,-2.641,2.756,-1.13,1005.56,64.232,,benar
2,anisa,5/20/2026,12:06:57 PM,1162356392,343936,0.7688,-0.05029,0.76563,-2.008,14.855,-5.145,0.89795,0.32227,0.13135,-2.641,2.756,-1.13,1005.56,64.232,,benar
2,anisa,5/20/2026,12:07:01 PM,1162360461,349005,-0.29517,-0.05981,1.1189,-7.473,-9.198,-0.756,-0.0647,0.74805,0.76733,-0.779,-9.924,8.718,1005.62,63.756,,salah
2,anisa,5/20/2026,12:07:01 PM,1162360661,349205,-0.29517,-0.05981,1.1189,-7.473,-9.198,-0.756,-0.0647,0.74805,0.76733,-0.779,-9.924,8.718,1005.63,63.622,,salah
2,anisa,5/20/2026,12:07:01 PM,1162360861,349405,-0.29517,-0.05981,1.1189,-7.473,-9.198,-0.756,-0.0647,0.74805,0.76733,-0.779,-9.924,8.718,1005.63,63.622,,salah
2,anisa,5/20/2026,12:07:04 PM,1162363915,352459,1.0249,-0.0979,0.66675,-4.595,-34.725,-15.305,0.93433,0.31274,0.22925,-2.603,0.198,-1.053,1005.56,64.213,,salah
2,anisa,5/20/2026,12:07:05 PM,1162364115,352659,1.0249,-0.0979,0.66675,-4.595,-34.725,-15.305,0.93433,0.31274,0.22925,-2.603,0.198,-1.053,1005.56,64.213,,benar
2,anisa,5/20/2026,12:07:05 PM,1162364315,352859,1.0249,-0.0979,0.66675,-4.595,-34.725,-15.305,0.93433,0.31274,0.22925,-2.603,0.198,-1.053,1005.56,64.213,,benar
2,anisa,5/20/2026,12:07:05 PM,1162364515,353059,1.0249,-0.0979,0.66675,-4.595,-34.725,-15.305,0.93433,0.31274,0.22925,-2.603,0.198,-1.053,1005.56,64.213,,benar
2,anisa,5/20/2026,12:07:05 PM,1162364715,353259,1.0249,-0.0979,0.66675,-4.595,-34.725,-15.305,0.93433,0.31274,0.22925,-2.603,0.198,-1.053,1005.59,63.963,,benar
2,anisa,5/20/2026,12:07:05 PM,1162364915,353459,1.0249,-0.0979,0.66675,-4.595,-34.725,-15.305,0.93433,0.31274,0.22925,-2.603,0.198,-1.053,1005.59,63.963,,benar
2,anisa,5/20/2026,12:07:06 PM,1162365115,353659,1.0249,-0.0979,0.66675,-4.595,-34.725,-15.305,0.93433,0.31274,0.22925,-2.603,0.198,-1.053,1005.59,63.963,,benar
2,anisa,5/20/2026,12:07:06 PM,1162365315,353859,1.0249,-0.0979,0.66675,-4.595,-34.725,-15.305,0.93433,0.31274,0.22925,-2.603,0.198,-1.053,1005.59,63.963,,benar
2,anisa,5/20/2026,12:07:06 PM,1162365515,354059,1.0249,-0.0979,0.66675,-4.595,-34.725,-15.305,0.93433,0.31274,0.22925,-2.603,0.198,-1.053,1005.59,63.963,,benar
2,anisa,5/20/2026,12:07:06 PM,1162365715,354259,1.0249,-0.0979,0.66675,-4.595,-34.725,-15.305,0.93433,0.31274,0.22925,-2.603,0.198,-1.053,1005.63,63.598,,benar
2,anisa,5/20/2026,12:07:06 PM,1162365915,354459,1.0249,-0.0979,0.66675,-4.595,-34.725,-15.305,0.93433,0.31274,0.22925,-2.603,0.198,-1.053,1005.63,63.598,,benar
2,anisa,5/20/2026,12:07:07 PM,1162366115,354659,1.0249,-0.0979,0.66675,-4.595,-34.725,-15.305,0.93433,0.31274,0.22925,-2.603,0.198,-1.053,1005.63,63.598,,benar
2,anisa,5/20/2026,12:07:10 PM,1162369000,357544,0.73218,-0.11792,0.82422,1.802,-5.412,1.137,0.94604,0.31567,0.20532,-4.481,-2.336,10.275,1005.6,63.882,,benar
2,anisa,5/20/2026,12:07:10 PM,1162369200,357744,0.75928,-0.12354,0.79468,3.099,-7.244,5.321,0.94922,0.28516,0.21289,1.076,-2.626,7.237,1005.6,63.882,,benar
2,anisa,5/20/2026,12:07:10 PM,1162369600,358144,0.81274,-0.18018,0.72241,5.962,-28.481,11.611,1.01514,0.21973,0.15137,-1.748,-16.176,4.26,1005.6,63.65,,benar
2,anisa,5/20/2026,12:07:11 PM,1162370400,357944,0.81274,-0.18018,0.72241,5.962,-28.481,11.611,1.01514,0.21973,0.15137,-1.748,-16.176,4.26,1005.6,63.882,,benar
2,anisa,5/20/2026,12:07:13 PM,1162372531,361075,0.66064,-0.23413,0.90332,27.603,4.221,-19.092,0.75195,0.58569,0.32666,9.748,-6,-12.313,1005.61,63.765,,benar
2,anisa,5/20/2026,12:07:16 PM,1162375584,364128,0.66064,-0.23413,0.90332,27.603,4.221,-19.092,0.75195,0.58569,0.32666,9.748,-6,-12.313,1005.56,64.238,,benar
2,anisa,5/20/2026,12:07:16 PM,1162375784,364328,0.66064,-0.23413,0.90332,27.603,4.221,-19.092,0.75195,0.58569,0.32666,9.748,-6,-12.313,1005.56,64.238,,benar
2,anisa,5/20/2026,12:07:17 PM,1162375984,364528,0.66064,-0.23413,0.90332,27.603,4.221,-19.092,0.75195,0.58569,0.32666,9.748,-6,-12.313,1005.56,64.238,,benar
2,anisa,5/20/2026,12:07:17 PM,1162376184,364728,0.66064,-0.23413,0.90332,27.603,4.221,-19.092,0.75195,0.58569,0.32666,9.748,-6,-12.313,1005.56,64.238,,benar
2,anisa,5/20/2026,12:07:22 PM,1162381231,369775,0.74756,-0.1123,0.83252,-61.672,2.908,-17.473,0.94849,0.36206,0.1687,-37.901,17.817,7.305,1005.62,63.751,,nan
2,anisa,5/20/2026,12:07:22 PM,1162381631,370175,0.76807,-0.19043,0.77393,7.29,4.359,7.565,0.93945,0.31934,0.2605,3.313,3.588,-8.595,1005.65,63.492,,nan
2,anisa,5/20/2026,12:07:22 PM,1162381831,370375,0.71948,-0.25903,0.82031,5.863,1.573,0.076,0.8999,0.33813,0.26489,3.985,0.824,-0.298,1005.65,63.492,,nan
2,anisa,5/20/2026,12:07:23 PM,1162382031,370575,0.71729,-0.25122,0.80859,1.198,-0.618,-2.832,0.89429,0.34497,0.26367,-0.969,-2.099,-1.786,1005.65,63.492,,nan
2,anisa,5/20/2026,12:07:23 PM,1162382431,369975,0.72876,-0.23071,0.79199,2.237,1.702,-2.626,0.91016,0.34766,0.26489,0.42,-1.191,-0.053,1005.62,63.751,,nan
2,anisa,5/20/2026,12:07:25 PM,1162384760,373304,0.12671,0.05249,1.12402,9.809,54.611,-2.298,0.47144,0.73853,0.40967,-9.076,13.855,-32.84,1005.61,63.771,,benar
2,anisa,5/20/2026,12:07:26 PM,1162384960,373504,-0.08765,0.05566,1.26196,0.099,1.832,3.931,0.33594,0.77563,0.48779,-7.176,0.008,10.603,1005.61,63.771,,benar
2,anisa,5/20/2026,12:07:26 PM,1162385160,373704,0.04468,-0.03027,1.07715,-5.145,-36.374,7.13,0.41943,0.71802,0.48022,4.45,-7.939,14.786,1005.61,63.771,,benar
2,anisa,5/20/2026,12:07:26 PM,1162385360,373904,0.17017,0.0293,1.04565,-10.168,-29.145,9.168,0.49756,0.71631,0.45215,4.305,-2.237,7.931,1005.61,63.771,,benar
2,anisa,5/20/2026,12:07:26 PM,1162385560,374104,0.80103,-0.10522,0.71924,-6.779,-46.084,-4.053,0.58936,0.64185,0.4314,-5.198,-3.855,1.282,1005.62,63.756,,benar
2,anisa,5/20/2026,12:07:26 PM,1162385760,374304,0.38745,-0.04102,1.16431,-7.45,-19.893,7.718,0.52686,0.75049,0.40405,1.237,-8.168,16.527,1005.62,63.756,,benar
2,anisa,5/20/2026,12:07:27 PM,1162385960,374504,0.47266,0.00293,1.04541,-2.992,-35.588,1.527,0.66992,0.62231,0.34424,-8.74,-22.679,36.557,1005.62,63.756,,benar
2,anisa,5/20/2026,12:07:27 PM,1162386160,374704,0.59717,-0.09375,0.91284,-22.695,-47.565,-1.252,0.73169,0.53296,0.3479,-9.725,-28.87,35.466,1005.62,63.756,,benar
2,anisa,5/20/2026,12:07:27 PM,1162386360,374904,0.66797,-0.14209,0.84668,-9.511,-38.115,-1.649,0.79492,0.48828,0.32593,-9.115,-17.466,25.359,1005.62,63.756,,benar
2,anisa,5/20/2026,12:07:27 PM,1162386560,375104,0.66797,-0.14209,0.84668,-9.511,-38.115,-1.649,0.79492,0.48828,0.32593,-9.115,-17.466,25.359,1005.58,64.069,,benar
2,anisa,5/20/2026,12:07:27 PM,1162386760,375304,0.66797,-0.14209,0.84668,-9.511,-38.115,-1.649,0.79492,0.48828,0.32593,-9.115,-17.466,25.359,1005.58,64.069,,benar
2,anisa,5/20/2026,12:07:28 PM,1162386960,375504,0.66797,-0.14209,0.84668,-9.511,-38.115,-1.649,0.79492,0.48828,0.32593,-9.115,-17.466,25.359,1005.58,64.069,,benar
2,anisa,5/20/2026,12:07:28 PM,1162387160,375704,0.66797,-0.14209,0.84668,-9.511,-38.115,-1.649,0.79492,0.48828,0.32593,-9.115,-17.466,25.359,1005.58,64.069,,benar
2,anisa,5/20/2026,12:07:28 PM,1162387360,375904,0.66797,-0.14209,0.84668,-9.511,-38.115,-1.649,0.79492,0.48828,0.32593,-9.115,-17.466,25.359,1005.58,64.069,,benar
2,anisa,5/20/2026,12:07:28 PM,1162387560,376104,0.66797,-0.14209,0.84668,-9.511,-38.115,-1.649,0.79492,0.48828,0.32593,-9.115,-17.466,25.359,1005.59,63.93,,benar
2,anisa,5/20/2026,12:07:28 PM,1162387760,376304,0.66797,-0.14209,0.84668,-9.511,-38.115,-1.649,0.79492,0.48828,0.32593,-9.115,-17.466,25.359,1005.59,63.93,,benar
2,anisa,5/20/2026,12:07:29 PM,1162387960,376504,0.66797,-0.14209,0.84668,-9.511,-38.115,-1.649,0.79492,0.48828,0.32593,-9.115,-17.466,25.359,1005.59,63.93,,benar
2,anisa,5/20/2026,12:07:32 PM,1162390975,379519,0.21021,-0.02979,1.1023,4.664,-19.595,-0.511,0.58008,0.66626,0.47461,-3.061,6.962,14.695,1005.61,63.766,,benar
2,anisa,5/20/2026,12:07:32 PM,1162391175,379719,0.21021,-0.02979,1.1023,4.664,-19.595,-0.511,0.58008,0.66626,0.47461,-3.061,6.962,14.695,1005.61,63.766,,benar
2,anisa,5/20/2026,12:07:32 PM,1162391375,379919,0.21021,-0.02979,1.1023,4.664,-19.595,-0.511,0.58008,0.66626,0.47461,-3.061,6.962,14.695,1005.61,63.766,,benar
2,anisa,5/20/2026,12:07:32 PM,1162391575,380119,0.21021,-0.02979,1.1023,4.664,-19.595,-0.511,0.58008,0.66626,0.47461,-3.061,6.962,14.695,1005.64,63.578,,benar
2,anisa,5/20/2026,12:07:32 PM,1162391775,380319,0.56958,-0.09644,1.16431,-7.267,-20.779,-1.679,0.61792,0.61938,0.47119,5.015,-9.397,15.145,1005.64,63.578,,benar
2,anisa,5/20/2026,12:07:33 PM,1162391975,380519,0.56958,-0.09644,1.16431,-7.267,-20.779,-1.679,0.61792,0.61938,0.47119,5.015,-9.397,15.145,1005.64,63.578,,benar
2,anisa,5/20/2026,12:07:33 PM,1162392175,380719,0.53125,-0.03442,1.05127,-6.221,-35.847,-1.496,0.71631,0.56445,0.39307,5.015,-30.099,34.481,1005.64,63.578,,benar
2,anisa,5/20/2026,12:07:33 PM,1162392375,380919,0.65283,-0.06299,0.8833,-3.977,-41.359,-1.931,0.98926,0.1748,0.2002,-35.015,-2.122,-11.29,1005.64,63.578,,benar
2,anisa,5/20/2026,12:07:33 PM,1162392575,381119,0.65283,-0.06299,0.8833,-3.977,-41.359,-1.931,0.98926,0.1748,0.2002,-35.015,-2.122,-11.29,1005.62,63.751,,benar
2,anisa,5/20/2026,12:07:33 PM,1162392775,381319,0.65283,-0.06299,0.8833,-3.977,-41.359,-1.931,0.98926,0.1748,0.2002,-35.015,-2.122,-11.29,1005.62,63.751,,benar
2,anisa,5/20/2026,12:07:34 PM,1162392975,381519,0.65283,-0.06299,0.8833,-3.977,-41.359,-1.931,0.98926,0.1748,0.2002,-35.015,-2.122,-11.29,1005.62,63.751,,benar
2,anisa,5/20/2026,12:07:34 PM,1162393466,382010,0.65283,-0.06299,0.8833,-3.977,-41.359,-1.931,0.98926,0.1748,0.2002,-35.015,-2.122,-11.29,1005.62,63.751,,benar
2,anisa,5/20/2026,12:07:34 PM,1162393666,382210,0.65283,-0.06299,0.8833,-3.977,-41.359,-1.931,0.98926,0.1748,0.2002,-35.015,-2.122,-11.29,1005.58,64.04,,benar
2,anisa,5/20/2026,12:07:34 PM,1162393866,382410,0.65283,-0.06299,0.8833,-3.977,-41.359,-1.931,0.98926,0.1748,0.2002,-35.015,-2.122,-11.29,1005.58,64.04,,benar
2,anisa,5/20/2026,12:07:35 PM,1162394066,382610,0.65283,-0.06299,0.8833,-3.977,-41.359,-1.931,0.98926,0.1748,0.2002,-35.015,-2.122,-11.29,1005.58,64.04,,benar
2,anisa,5/20/2026,12:07:35 PM,1162394266,382810,0.65283,-0.06299,0.8833,-3.977,-41.359,-1.931,0.98926,0.1748,0.2002,-35.015,-2.122,-11.29,1005.58,64.04,,benar
2,anisa,5/20/2026,12:07:35 PM,1162394466,383010,0.65283,-0.06299,0.8833,-3.977,-41.359,-1.931,0.98926,0.1748,0.2002,-35.015,-2.122,-11.29,1005.58,64.04,,benar
2,anisa,5/20/2026,12:07:35 PM,1162394666,383210,0.65283,-0.06299,0.8833,-3.977,-41.359,-1.931,0.98926,0.1748,0.2002,-35.015,-2.122,-11.29,1005.62,63.747,,benar
2,anisa,5/20/2026,12:07:35 PM,1162394866,383410,0.65283,-0.06299,0.8833,-3.977,-41.359,-1.931,0.98926,0.1748,0.2002,-35.015,-2.122,-11.29,1005.62,63.747,,benar
2,anisa,5/20/2026,12:07:36 PM,1162395066,383610,0.94775,-0.14844,0.60034,-39.069,36.748,-21.58,0.95361,0.4187,0.22461,22.153,-2.618,18.824,1005.62,63.747,,benar
2,anisa,5/20/2026,12:07:36 PM,1162395266,383810,0.94775,-0.14844,0.60034,-39.069,36.748,-21.58,0.95361,0.4187,0.22461,22.153,-2.618,18.824,1005.62,63.747,,benar
2,anisa,5/20/2026,12:07:36 PM,1162395466,384010,0.94775,-0.14844,0.60034,-39.069,36.748,-21.58,0.95361,0.4187,0.22461,22.153,-2.618,18.824,1005.62,63.747,,benar
2,anisa,5/20/2026,12:07:36 PM,1162395666,384210,0.94775,-0.14844,0.60034,-39.069,36.748,-21.58,0.95361,0.4187,0.22461,22.153,-2.618,18.824,1005.63,63.636,,benar
2,anisa,5/20/2026,12:07:36 PM,1162395866,384410,0.94775,-0.14844,0.60034,-39.069,36.748,-21.58,0.95361,0.4187,0.22461,22.153,-2.618,18.824,1005.63,63.636,,benar
2,anisa,5/20/2026,12:07:37 PM,1162396066,384610,0.94775,-0.14844,0.60034,-39.069,36.748,-21.58,0.95361,0.4187,0.22461,22.153,-2.618,18.824,1005.63,63.636,,berdiri
2,anisa,5/20/2026,12:07:37 PM,1162396266,384810,0.94775,-0.14844,0.60034,-39.069,36.748,-21.58,0.95361,0.4187,0.22461,22.153,-2.618,18.824,1005.63,63.636,,berdiri
2,anisa,5/20/2026,12:07:37 PM,1162396466,385010,0.94775,-0.14844,0.60034,-39.069,36.748,-21.58,0.95361,0.4187,0.22461,22.153,-2.618,18.824,1005.63,63.636,,berdiri
2,anisa,5/20/2026,12:07:37 PM,1162396666,385210,0.94775,-0.14844,0.60034,-39.069,36.748,-21.58,0.95361,0.4187,0.22461,22.153,-2.618,18.824,1005.66,63.401,,berdiri
2,anisa,5/20/2026,12:07:37 PM,1162396866,385410,0.94775,-0.14844,0.60034,-39.069,36.748,-21.58,0.95361,0.4187,0.22461,22.153,-2.618,18.824,1005.66,63.401,,berdiri
2,anisa,5/20/2026,12:07:38 PM,1162397066,385610,0.94775,-0.14844,0.60034,-39.069,36.748,-21.58,0.95361,0.4187,0.22461,22.153,-2.618,18.824,1005.66,63.401,,benar
2,anisa,5/20/2026,12:07:38 PM,1162397266,385810,0.94775,-0.14844,0.60034,-39.069,36.748,-21.58,0.95361,0.4187,0.22461,22.153,-2.618,18.824,1005.66,63.401,,benar
2,anisa,5/20/2026,12:07:38 PM,1162397466,386010,0.94775,-0.14844,0.60034,-39.069,36.748,-21.58,0.95361,0.4187,0.22461,22.153,-2.618,18.824,1005.66,63.401,,benar
2,anisa,5/20/2026,12:07:41 PM,1162400027,388571,0.94775,-0.14844,0.60034,-39.069,36.748,-21.58,0.95361,0.4187,0.22461,22.153,-2.618,18.824,1005.63,63.641,,benar
2,anisa,5/20/2026,12:07:41 PM,1162400227,388771,0.7417,-0.20142,0.98267,5.626,-30.664,-1.565,1.03906,0.38892,0.27026,17.901,-9.42,21.282,1005.63,63.641,,benar
2,anisa,5/20/2026,12:07:41 PM,1162400627,389171,0.7417,-0.20142,0.98267,5.626,-30.664,-1.565,1.03906,0.38892,0.27026,17.901,-9.42,21.282,1005.61,63.8,,benar
2,anisa,5/20/2026,12:07:41 PM,1162400827,389371,0.7417,-0.20142,0.98267,5.626,-30.664,-1.565,1.03906,0.38892,0.27026,17.901,-9.42,21.282,1005.61,63.8,,benar
2,anisa,5/20/2026,12:07:42 PM,1162401027,389571,0.7417,-0.20142,0.98267,5.626,-30.664,-1.565,1.03906,0.38892,0.27026,17.901,-9.42,21.282,1005.61,63.8,,benar
2,anisa,5/20/2026,12:07:42 PM,1162401227,389771,0.7417,-0.20142,0.98267,5.626,-30.664,-1.565,1.03906,0.38892,0.27026,17.901,-9.42,21.282,1005.61,63.8,,benar
2,anisa,5/20/2026,12:07:42 PM,1162401427,388971,0.7417,-0.20142,0.98267,5.626,-30.664,-1.565,1.03906,0.38892,0.27026,17.901,-9.42,21.282,1005.63,63.641,,benar
2,anisa,5/20/2026,12:07:42 PM,1162401627,390171,0.7417,-0.20142,0.98267,5.626,-30.664,-1.565,1.03906,0.38892,0.27026,17.901,-9.42,21.282,1005.57,64.161,,benar
2,anisa,5/20/2026,12:07:42 PM,1162401827,390371,0.7417,-0.20142,0.98267,5.626,-30.664,-1.565,1.03906,0.38892,0.27026,17.901,-9.42,21.282,1005.57,64.161,,benar
2,anisa,5/20/2026,12:07:43 PM,1162402027,390571,0.7417,-0.20142,0.98267,5.626,-30.664,-1.565,1.03906,0.38892,0.27026,17.901,-9.42,21.282,1005.57,64.161,,benar
2,anisa,5/20/2026,12:07:43 PM,1162402227,390771,0.7417,-0.20142,0.98267,5.626,-30.664,-1.565,1.03906,0.38892,0.27026,17.901,-9.42,21.282,1005.57,64.161,,benar
2,anisa,5/20/2026,12:07:43 PM,1162402427,389971,0.7417,-0.20142,0.98267,5.626,-30.664,-1.565,1.03906,0.38892,0.27026,17.901,-9.42,21.282,1005.61,63.8,,benar
2,anisa,5/20/2026,12:07:43 PM,1162402627,391171,0.7417,-0.20142,0.98267,5.626,-30.664,-1.565,1.03906,0.38892,0.27026,17.901,-9.42,21.282,1005.59,63.954,,benar
2,anisa,5/20/2026,12:07:43 PM,1162402827,391371,0.7417,-0.20142,0.98267,5.626,-30.664,-1.565,1.03906,0.38892,0.27026,17.901,-9.42,21.282,1005.59,63.954,,benar
2,anisa,5/20/2026,12:07:44 PM,1162403027,391571,0.7417,-0.20142,0.98267,5.626,-30.664,-1.565,1.03906,0.38892,0.27026,17.901,-9.42,21.282,1005.59,63.954,,benar
2,anisa,5/20/2026,12:07:44 PM,1162403227,391771,0.87671,-0.11182,0.90039,37.656,-8.191,1.817,1.01465,0.3894,0.22949,6.687,-11.527,2.099,1005.59,63.954,,benar
2,anisa,5/20/2026,12:07:44 PM,1162403427,390971,0.75122,-0.03149,0.74878,-2.092,-2.382,-8.687,0.90601,0.33447,0.17798,-8.969,4.573,-7.069,1005.57,64.161,,benar
2,anisa,5/20/2026,12:07:44 PM,1162403627,392171,0.78955,-0.03857,0.77124,2.618,13,-11.847,0.92139,0.38452,0.14771,1.534,-0.137,-12.58,1005.61,63.8,,benar
2,anisa,5/20/2026,12:07:44 PM,1162403827,392371,0.73657,-0.00073,0.80884,-1.626,15.664,-10.374,0.88599,0.39209,0.20996,-7.557,-1.389,-8.168,1005.61,63.8,,benar
2,anisa,5/20/2026,12:07:45 PM,1162404027,392571,0.69067,0.03027,0.88184,-13.435,9.725,-8.588,0.88013,0.41431,0.21533,-14.695,1.405,-0.626,1005.61,63.8,,benar
2,anisa,5/20/2026,12:07:45 PM,1162404427,391971,0.70142,0.05493,0.89429,-5.771,3.206,-1.954,0.93091,0.31567,0.24927,0.84,-2.099,-2.878,1005.59,63.954,,benar
2,anisa,5/20/2026,12:07:47 PM,1162406637,395180,0.54321,-0.08569,0.96143,-0.809,7.542,-7.122,0.95215,0.34839,0.12769,2.885,10.832,-22.053,1005.64,63.545,,benar
2,anisa,5/20/2026,12:07:47 PM,1162406836,395380,0.54321,-0.08569,0.96143,-0.809,7.542,-7.122,0.95215,0.34839,0.12769,2.885,10.832,-22.053,1005.64,63.545,,benar
2,anisa,5/20/2026,12:07:47 PM,1162406836,395380,0.54321,-0.08569,0.96143,-0.809,7.542,-7.122,0.95215,0.34839,0.12769,2.885,10.832,-22.053,1005.64,63.545,,benar
2,anisa,5/20/2026,12:07:55 PM,1162414793,403337,0.21655,0.01221,1.05444,4.389,-11.389,6.588,0.57861,0.68701,0.38989,0.298,1.679,4.718,1005.63,63.665,,benar
2,anisa,5/20/2026,12:07:56 PM,1162414993,403537,0.21655,0.01221,1.05444,4.389,-11.389,6.588,0.57861,0.68701,0.38989,0.298,1.679,4.718,1005.63,63.665,,salah
2,anisa,5/20/2026,12:07:59 PM,1162418305,406848,0.104,-0.05273,1.10327,0.901,15.076,-5.458,0.52466,0.698,0.44604,-6.046,1.573,-12.145,1005.62,63.742,,salah
2,anisa,5/20/2026,12:07:59 PM,1162418504,407048,0.104,-0.05273,1.10327,0.901,15.076,-5.458,0.52466,0.698,0.44604,-6.046,1.573,-12.145,1005.65,63.458,,salah
2,anisa,5/20/2026,12:07:59 PM,1162418704,407248,0.104,-0.05273,1.10327,0.901,15.076,-5.458,0.52466,0.698,0.44604,-6.046,1.573,-12.145,1005.65,63.458,,salah
2,anisa,5/20/2026,12:07:59 PM,1162418904,407448,0.104,-0.05273,1.10327,0.901,15.076,-5.458,0.52466,0.698,0.44604,-6.046,1.573,-12.145,1005.65,63.458,,salah
2,anisa,5/20/2026,12:08:00 PM,1162419104,407648,0.104,-0.05273,1.10327,0.901,15.076,-5.458,0.52466,0.698,0.44604,-6.046,1.573,-12.145,1005.65,63.458,,salah
2,anisa,5/20/2026,12:08:00 PM,1162419304,407848,0.104,-0.05273,1.10327,0.901,15.076,-5.458,0.52466,0.698,0.44604,-6.046,1.573,-12.145,1005.65,63.458,,salah
2,anisa,5/20/2026,12:08:00 PM,1162419504,408048,0.05078,0.02588,1.19556,-4.015,-49.534,3.412,0.68848,0.68579,0.36255,4.298,-35.282,47.45,1005.62,63.727,,salah
2,anisa,5/20/2026,12:08:00 PM,1162419704,408248,0.05078,0.02588,1.19556,-4.015,-49.534,3.412,0.68848,0.68579,0.36255,4.298,-35.282,47.45,1005.62,63.727,,salah
2,anisa,5/20/2026,12:08:00 PM,1162419904,408448,0.05078,0.02588,1.19556,-4.015,-49.534,3.412,0.68848,0.68579,0.36255,4.298,-35.282,47.45,1005.62,63.727,,salah
2,anisa,5/20/2026,12:08:01 PM,1162420104,408648,0.05078,0.02588,1.19556,-4.015,-49.534,3.412,0.68848,0.68579,0.36255,4.298,-35.282,47.45,1005.62,63.727,,benar
2,anisa,5/20/2026,12:08:01 PM,1162420304,408848,0.05078,0.02588,1.19556,-4.015,-49.534,3.412,0.68848,0.68579,0.36255,4.298,-35.282,47.45,1005.62,63.727,,benar
2,anisa,5/20/2026,12:08:01 PM,1162420504,409048,0.05078,0.02588,1.19556,-4.015,-49.534,3.412,0.68848,0.68579,0.36255,4.298,-35.282,47.45,1005.62,63.694,,benar
2,anisa,5/20/2026,12:08:01 PM,1162420704,409248,0.05078,0.02588,1.19556,-4.015,-49.534,3.412,0.68848,0.68579,0.36255,4.298,-35.282,47.45,1005.62,63.694,,benar
2,anisa,5/20/2026,12:08:04 PM,1162423630,412174,0.60352,0.01807,0.92896,4.687,4.45,1.626,0.68506,0.54565,0.50464,14.534,-8.931,8.954,1005.61,63.828,,benar
2,anisa,5/20/2026,12:08:04 PM,1162423830,412374,0.49365,-0.06812,0.91772,-4.855,-44.023,10.641,0.68457,0.60522,0.41113,-4.443,8.061,-5.511,1005.61,63.828,,benar
2,anisa,5/20/2026,12:08:05 PM,1162424430,411974,0.49365,-0.06812,0.91772,-4.855,-44.023,10.641,0.68457,0.60522,0.41113,-4.443,8.061,-5.511,1005.61,63.828,,benar
2,anisa,5/20/2026,12:08:07 PM,1162426625,415169,0.73413,-0.18115,0.75439,13.901,-52.473,-12.626,0.29419,0.74487,0.5022,3.962,7.603,-20.534,1005.58,64.077,,salah
2,anisa,5/20/2026,12:08:07 PM,1162426849,415393,-0.24219,-0.01709,1.00757,15.321,-21.221,-10.427,0.23096,0.73804,0.49243,3.023,-15.489,7.809,1005.58,64.077,,salah
2,anisa,5/20/2026,12:08:08 PM,1162427049,415593,-0.24219,-0.01709,1.00757,15.321,-21.221,-10.427,0.23096,0.73804,0.49243,3.023,-15.489,7.809,1005.58,64.077,,salah
2,anisa,5/20/2026,12:08:08 PM,1162427249,415793,-0.24219,-0.01709,1.00757,15.321,-21.221,-10.427,0.23096,0.73804,0.49243,3.023,-15.489,7.809,1005.58,64.077,,salah
2,anisa,5/20/2026,12:08:08 PM,1162427649,416193,-0.24219,-0.01709,1.00757,15.321,-21.221,-10.427,0.23096,0.73804,0.49243,3.023,-15.489,7.809,1005.62,63.742,,salah
2,anisa,5/20/2026,12:08:08 PM,1162427849,416393,-0.24219,-0.01709,1.00757,15.321,-21.221,-10.427,0.23096,0.73804,0.49243,3.023,-15.489,7.809,1005.62,63.742,,salah
2,anisa,5/20/2026,12:08:09 PM,1162428049,416593,-0.43359,-0.02661,1.16748,-2.672,-1.779,-6.374,0.18896,0.81714,0.55078,-2.901,-9.351,0.954,1005.62,63.742,,salah
2,anisa,5/20/2026,12:08:09 PM,1162428249,416793,-0.43359,-0.02661,1.16748,-2.672,-1.779,-6.374,0.18896,0.81714,0.55078,-2.901,-9.351,0.954,1005.62,63.742,,salah
2,anisa,5/20/2026,12:08:09 PM,1162428449,415993,-0.43359,-0.02661,1.16748,-2.672,-1.779,-6.374,0.18896,0.81714,0.55078,-2.901,-9.351,0.954,1005.62,63.742,,salah
2,anisa,5/20/2026,12:08:09 PM,1162428649,417193,-0.15527,0.06787,1.02588,5.618,-8,-8.855,0.2981,0.78467,0.45459,-5.748,-8.29,3.641,1005.62,63.694,,salah
2,anisa,5/20/2026,12:08:09 PM,1162428849,417393,-0.14185,0.06421,1.07715,0.122,-1.802,-6.718,0.36597,0.77612,0.48096,-7.763,-5.847,3.992,1005.62,63.694,,salah
2,anisa,5/20/2026,12:08:09 PM,1162428849,417393,-0.14185,0.06421,1.07715,0.122,-1.802,-6.718,0.36597,0.77612,0.48096,-7.763,-5.847,3.992,1005.62,63.694,,salah
2,anisa,5/20/2026,12:08:10 PM,1162429449,416993,-0.05322,0.04834,0.95776,4.267,12.595,0.183,0.41113,0.72144,0.42212,-7.786,5.718,-17.496,1005.62,63.694,,benar
2,anisa,5/20/2026,12:08:15 PM,1162434057,422601,0.92627,-0.13062,0.6062,7.351,7.855,-4.511,0.96045,0.27832,0.21118,4.489,-1.092,-2.26,1005.6,63.886,,benar
2,anisa,5/20/2026,12:08:15 PM,1162434257,422801,0.92627,-0.13062,0.6062,7.351,7.855,-4.511,0.96045,0.27832,0.21118,4.489,-1.092,-2.26,1005.6,63.886,,benar
2,anisa,5/20/2026,12:08:15 PM,1162434457,423001,0.92627,-0.13062,0.6062,7.351,7.855,-4.511,0.96045,0.27832,0.21118,4.489,-1.092,-2.26,1005.64,63.578,,benar
2,anisa,5/20/2026,12:08:15 PM,1162434657,423201,0.92627,-0.13062,0.6062,7.351,7.855,-4.511,0.96045,0.27832,0.21118,4.489,-1.092,-2.26,1005.64,63.578,,benar
2,anisa,5/20/2026,12:08:15 PM,1162434657,423201,0.92627,-0.13062,0.6062,7.351,7.855,-4.511,0.96045,0.27832,0.21118,4.489,-1.092,-2.26,1005.64,63.578,,benar
2,anisa,5/20/2026,12:08:23 PM,1162442711,431254,0.70996,-0.04004,0.85425,0.282,13.939,1.618,0.89648,0.4043,0.15063,-6.344,1.496,4.168,1005.62,63.679,,benar
2,anisa,5/20/2026,12:08:23 PM,1162442910,431454,0.70996,-0.04004,0.85425,0.282,13.939,1.618,0.89648,0.4043,0.15063,-6.344,1.496,4.168,1005.62,63.679,,benar
2,anisa,5/20/2026,12:08:24 PM,1162443110,431654,0.70996,-0.04004,0.85425,0.282,13.939,1.618,0.89648,0.4043,0.15063,-6.344,1.496,4.168,1005.62,63.679,,benar
2,anisa,5/20/2026,12:08:24 PM,1162443310,431854,0.70996,-0.04004,0.85425,0.282,13.939,1.618,0.89648,0.4043,0.15063,-6.344,1.496,4.168,1005.62,63.679,,benar
2,anisa,5/20/2026,12:08:24 PM,1162443510,432054,0.70996,-0.04004,0.85425,0.282,13.939,1.618,0.89648,0.4043,0.15063,-6.344,1.496,4.168,1005.65,63.449,,benar
2,anisa,5/20/2026,12:08:24 PM,1162443710,432254,0.70996,-0.04004,0.85425,0.282,13.939,1.618,0.89648,0.4043,0.15063,-6.344,1.496,4.168,1005.65,63.449,,benar
2,anisa,5/20/2026,12:08:24 PM,1162443910,432454,0.70996,-0.04004,0.85425,0.282,13.939,1.618,0.89648,0.4043,0.15063,-6.344,1.496,4.168,1005.65,63.449,,benar
2,anisa,5/20/2026,12:08:25 PM,1162444110,432654,0.70996,-0.04004,0.85425,0.282,13.939,1.618,0.89648,0.4043,0.15063,-6.344,1.496,4.168,1005.65,63.449,,benar
2,anisa,5/20/2026,12:08:25 PM,1162444310,432854,0.70996,-0.04004,0.85425,0.282,13.939,1.618,0.89648,0.4043,0.15063,-6.344,1.496,4.168,1005.65,63.449,,benar
2,anisa,5/20/2026,12:08:25 PM,1162444510,433054,0.70996,-0.04004,0.85425,0.282,13.939,1.618,0.89648,0.4043,0.15063,-6.344,1.496,4.168,1005.63,63.67,,benar
2,anisa,5/20/2026,12:08:28 PM,1162447326,435870,0.67896,-0.02734,0.88501,0.015,1.344,-0.885,0.9104,0.40918,0.1499,0.481,-0.351,-0.221,1005.64,63.593,,benar
2,anisa,5/20/2026,12:08:30 PM,1162449859,438403,0.66504,-0.02905,0.88477,-0.427,1.344,-0.511,0.92334,0.43237,0.14185,-0.344,0.595,-1.099,1005.65,63.483,,benar
2,anisa,5/20/2026,12:08:31 PM,1162450059,438603,0.66748,-0.02759,0.90381,-0.786,1.634,0.069,0.93066,0.42749,0.13159,-1.023,0.527,0.015,1005.65,63.483,,benar
2,anisa,5/20/2026,12:08:31 PM,1162450259,438803,0.66528,-0.03906,0.90308,-0.618,1.214,-0.718,0.90649,0.41675,0.12524,-2.206,1,0.038,1005.65,63.483,,benar
2,anisa,5/20/2026,12:08:33 PM,1162452878,441421,0.66528,-0.03906,0.90308,-0.618,1.214,-0.718,0.90649,0.41675,0.12524,-2.206,1,0.038,1005.63,63.617,,benar
2,anisa,5/20/2026,12:08:34 PM,1162453077,441621,0.70605,-0.0061,0.86353,11.229,-9.603,2.847,0.88525,0.47754,0.1123,-12.244,3.618,-5.107,1005.63,63.617,,benar
2,anisa,5/20/2026,12:08:34 PM,1162453277,441821,0.70605,-0.0061,0.86353,11.229,-9.603,2.847,0.88525,0.47754,0.1123,-12.244,3.618,-5.107,1005.63,63.617,,benar
2,anisa,5/20/2026,12:08:37 PM,1162455989,444533,0.75488,0.00928,0.78369,0.863,-18.969,11.855,0.88281,0.52954,0.11279,-15.374,8.031,-7.489,1005.65,63.477,,benar
2,anisa,5/20/2026,12:08:37 PM,1162456189,444733,0.76953,-0.08862,0.72559,-15.053,-0.947,-3.397,0.87402,0.47534,0.20605,-7.71,-0.84,-4.969,1005.65,63.477,,benar
2,anisa,5/20/2026,12:08:37 PM,1162456389,444933,0.76953,-0.08862,0.72559,-15.053,-0.947,-3.397,0.87402,0.47534,0.20605,-7.71,-0.84,-4.969,1005.64,63.53,,benar
2,anisa,5/20/2026,12:08:37 PM,1162456589,445133,0.76953,-0.08862,0.72559,-15.053,-0.947,-3.397,0.87402,0.47534,0.20605,-7.71,-0.84,-4.969,1005.64,63.53,,benar
2,anisa,5/20/2026,12:08:37 PM,1162456789,445333,0.76953,-0.08862,0.72559,-15.053,-0.947,-3.397,0.87402,0.47534,0.20605,-7.71,-0.84,-4.969,1005.64,63.53,,benar
2,anisa,5/20/2026,12:08:38 PM,1162457021,445565,0.76953,-0.08862,0.72559,-15.053,-0.947,-3.397,0.87402,0.47534,0.20605,-7.71,-0.84,-4.969,1005.64,63.53,,benar
2,anisa,5/20/2026,12:08:41 PM,1162460090,448634,0.81982,0.04175,0.75562,-4.763,7.763,-9.924,0.88232,0.46802,0.04102,-2.588,-3.313,-6.603,1005.6,63.872,,benar
2,anisa,5/20/2026,12:08:41 PM,1162460290,448834,0.81982,0.04175,0.75562,-4.763,7.763,-9.924,0.88232,0.46802,0.04102,-2.588,-3.313,-6.603,1005.6,63.872,,benar
2,anisa,5/20/2026,12:08:41 PM,1162460490,449034,0.81982,0.04175,0.75562,-4.763,7.763,-9.924,0.88232,0.46802,0.04102,-2.588,-3.313,-6.603,1005.59,63.93,,benar
2,anisa,5/20/2026,12:08:44 PM,1162463097,451641,0.57495,0.19214,0.90918,12.046,-5.061,4.267,0.87622,0.40576,0.23389,1.198,-2.863,1.443,1005.64,63.583,,benar
2,anisa,5/20/2026,12:08:44 PM,1162463297,451841,0.57495,0.19214,0.90918,12.046,-5.061,4.267,0.87622,0.40576,0.23389,1.198,-2.863,1.443,1005.65,63.453,,benar
2,anisa,5/20/2026,12:08:44 PM,1162463497,452041,0.57495,0.19214,0.90918,12.046,-5.061,4.267,0.87622,0.40576,0.23389,1.198,-2.863,1.443,1005.65,63.453,,benar
2,anisa,5/20/2026,12:08:44 PM,1162463697,452241,0.57495,0.19214,0.90918,12.046,-5.061,4.267,0.87622,0.40576,0.23389,1.198,-2.863,1.443,1005.65,63.453,,benar
2,anisa,5/20/2026,12:08:44 PM,1162463897,452441,0.57495,0.19214,0.90918,12.046,-5.061,4.267,0.87622,0.40576,0.23389,1.198,-2.863,1.443,1005.65,63.453,,benar
2,anisa,5/20/2026,12:08:45 PM,1162464097,452641,0.57495,0.19214,0.90918,12.046,-5.061,4.267,0.87622,0.40576,0.23389,1.198,-2.863,1.443,1005.65,63.453,,benar
2,anisa,5/20/2026,12:08:45 PM,1162464297,452841,0.57495,0.19214,0.90918,12.046,-5.061,4.267,0.87622,0.40576,0.23389,1.198,-2.863,1.443,1005.64,63.583,,benar
2,anisa,5/20/2026,12:08:45 PM,1162464497,453041,0.6167,0.00439,0.97974,4.748,-5.542,7.824,0.96484,0.46826,0.15869,5.489,-7.458,11.87,1005.64,63.583,,benar
2,anisa,5/20/2026,12:08:45 PM,1162464497,453041,0.6167,0.00439,0.97974,4.748,-5.542,7.824,0.96484,0.46826,0.15869,5.489,-7.458,11.87,1005.64,63.583,,benar
2,anisa,5/20/2026,12:08:50 PM,1162469849,458393,0.78003,-0.2168,0.60815,10.74,-7.397,0.069,0.84497,0.00732,0.38281,-0.443,-3.198,25.168,1005.66,63.348,,benar
2,anisa,5/20/2026,12:08:51 PM,1162470049,458593,0.78003,-0.2168,0.60815,10.74,-7.397,0.069,0.84497,0.00732,0.38281,-0.443,-3.198,25.168,1005.66,63.348,,benar
2,anisa,5/20/2026,12:08:51 PM,1162470249,458793,0.78003,-0.2168,0.60815,10.74,-7.397,0.069,0.84497,0.00732,0.38281,-0.443,-3.198,25.168,1005.66,63.348,,benar
2,anisa,5/20/2026,12:08:51 PM,1162470649,459193,0.78003,-0.2168,0.60815,10.74,-7.397,0.069,0.84497,0.00732,0.38281,-0.443,-3.198,25.168,1005.68,63.257,,benar
2,anisa,5/20/2026,12:08:51 PM,1162470849,459393,0.78003,-0.2168,0.60815,10.74,-7.397,0.069,0.84497,0.00732,0.38281,-0.443,-3.198,25.168,1005.68,63.257,,benar
2,anisa,5/20/2026,12:08:52 PM,1162471049,459593,0.78003,-0.2168,0.60815,10.74,-7.397,0.069,0.84497,0.00732,0.38281,-0.443,-3.198,25.168,1005.68,63.257,,benar
2,anisa,5/20/2026,12:08:52 PM,1162471249,459793,0.78003,-0.2168,0.60815,10.74,-7.397,0.069,0.84497,0.00732,0.38281,-0.443,-3.198,25.168,1005.68,63.257,,benar
2,anisa,5/20/2026,12:08:52 PM,1162471449,458993,0.78003,-0.2168,0.60815,10.74,-7.397,0.069,0.84497,0.00732,0.38281,-0.443,-3.198,25.168,1005.68,63.257,,benar
2,anisa,5/20/2026,12:08:52 PM,1162471649,460193,0.78003,-0.2168,0.60815,10.74,-7.397,0.069,0.84497,0.00732,0.38281,-0.443,-3.198,25.168,1005.65,63.453,,benar
2,anisa,5/20/2026,12:08:52 PM,1162471849,460393,0.78003,-0.2168,0.60815,10.74,-7.397,0.069,0.84497,0.00732,0.38281,-0.443,-3.198,25.168,1005.65,63.453,,benar
2,anisa,5/20/2026,12:08:53 PM,1162472049,460593,0.78003,-0.2168,0.60815,10.74,-7.397,0.069,0.84497,0.00732,0.38281,-0.443,-3.198,25.168,1005.65,63.453,,benar
2,anisa,5/20/2026,12:08:53 PM,1162472249,460793,0.78003,-0.2168,0.60815,10.74,-7.397,0.069,0.84497,0.00732,0.38281,-0.443,-3.198,25.168,1005.65,63.453,,benar
2,anisa,5/20/2026,12:08:53 PM,1162472449,459993,0.78003,-0.2168,0.60815,10.74,-7.397,0.069,0.84497,0.00732,0.38281,-0.443,-3.198,25.168,1005.65,63.453,,benar
2,anisa,5/20/2026,12:08:56 PM,1162475369,463913,0.87427,-0.12109,0.67041,-9.122,7.618,-10.626,1.00806,0.18066,0.07813,-7.931,-3.122,-4.939,1005.62,63.733,,benar
2,anisa,5/20/2026,12:08:56 PM,1162475569,464113,0.85205,-0.07129,0.69727,-4.359,-0.74,-6.702,1.00854,0.20483,0.09448,-4.229,-6.489,-2.863,1005.62,63.733,,benar
2,anisa,5/20/2026,12:08:56 PM,1162475769,464313,0.87427,-0.03662,0.66943,4.542,-0.412,1.954,0.97461,0.20581,0.08398,-3.031,0.137,-0.427,1005.62,63.733,,benar
2,anisa,5/20/2026,12:08:57 PM,1162475969,464513,0.86914,-0.09937,0.67676,5.038,7.176,5.282,1.25098,0.31372,0.13257,-27.565,-5.557,16.947,1005.62,63.733,,benar
2,anisa,5/20/2026,12:08:57 PM,1162476169,464713,0.86914,-0.09937,0.67676,5.038,7.176,5.282,1.25098,0.31372,0.13257,-27.565,-5.557,16.947,1005.62,63.733,,benar
2,anisa,5/20/2026,12:08:57 PM,1162476369,464913,0.86914,-0.09937,0.67676,5.038,7.176,5.282,1.25098,0.31372,0.13257,-27.565,-5.557,16.947,1005.67,63.295,,benar
2,anisa,5/20/2026,12:08:57 PM,1162476569,465113,0.86914,-0.09937,0.67676,5.038,7.176,5.282,1.25098,0.31372,0.13257,-27.565,-5.557,16.947,1005.67,63.295,,benar
2,anisa,5/20/2026,12:08:57 PM,1162476769,465313,0.86914,-0.09937,0.67676,5.038,7.176,5.282,1.25098,0.31372,0.13257,-27.565,-5.557,16.947,1005.67,63.295,,benar
2,anisa,5/20/2026,12:08:58 PM,1162476969,465513,0.86914,-0.09937,0.67676,5.038,7.176,5.282,1.25098,0.31372,0.13257,-27.565,-5.557,16.947,1005.67,63.295,,benar
2,anisa,5/20/2026,12:08:58 PM,1162477169,465713,0.86914,-0.09937,0.67676,5.038,7.176,5.282,1.25098,0.31372,0.13257,-27.565,-5.557,16.947,1005.67,63.295,,benar
2,anisa,5/20/2026,12:08:58 PM,1162477369,465913,0.86914,-0.09937,0.67676,5.038,7.176,5.282,1.25098,0.31372,0.13257,-27.565,-5.557,16.947,1005.66,63.357,,benar
2,anisa,5/20/2026,12:08:58 PM,1162477569,466113,0.86914,-0.09937,0.67676,5.038,7.176,5.282,1.25098,0.31372,0.13257,-27.565,-5.557,16.947,1005.66,63.357,,benar
2,anisa,5/20/2026,12:08:58 PM,1162477769,466313,0.86914,-0.09937,0.67676,5.038,7.176,5.282,1.25098,0.31372,0.13257,-27.565,-5.557,16.947,1005.66,63.357,,benar
2,anisa,5/20/2026,12:08:59 PM,1162477969,466513,0.86914,-0.09937,0.67676,5.038,7.176,5.282,1.25098,0.31372,0.13257,-27.565,-5.557,16.947,1005.66,63.357,,benar
2,anisa,5/20/2026,12:08:59 PM,1162478169,466713,0.86914,-0.09937,0.67676,5.038,7.176,5.282,1.25098,0.31372,0.13257,-27.565,-5.557,16.947,1005.66,63.357,,benar
2,anisa,5/20/2026,12:09:01 PM,1162480882,469426,1.3042,-0.03687,0.625,-31.901,-4.16,3.649,1.08203,0.03076,-0.00879,6.13,18.313,-12.939,1005.63,63.617,,benar
2,anisa,5/20/2026,12:09:02 PM,1162481118,469662,1.3042,-0.03687,0.625,-31.901,-4.16,3.649,1.08203,0.03076,-0.00879,6.13,18.313,-12.939,1005.63,63.617,,benar
2,anisa,5/20/2026,12:09:02 PM,1162481318,469862,1.3042,-0.03687,0.625,-31.901,-4.16,3.649,1.08203,0.03076,-0.00879,6.13,18.313,-12.939,1005.64,63.517,,benar
2,anisa,5/20/2026,12:09:02 PM,1162481518,470062,1.3042,-0.03687,0.625,-31.901,-4.16,3.649,1.08203,0.03076,-0.00879,6.13,18.313,-12.939,1005.64,63.517,,benar
2,anisa,5/20/2026,12:09:02 PM,1162481718,470262,1.3042,-0.03687,0.625,-31.901,-4.16,3.649,1.08203,0.03076,-0.00879,6.13,18.313,-12.939,1005.64,63.517,,benar
2,anisa,5/20/2026,12:09:02 PM,1162481918,470462,1.3042,-0.03687,0.625,-31.901,-4.16,3.649,1.08203,0.03076,-0.00879,6.13,18.313,-12.939,1005.64,63.517,,benar
2,anisa,5/20/2026,12:09:03 PM,1162482118,470662,1.3042,-0.03687,0.625,-31.901,-4.16,3.649,1.08203,0.03076,-0.00879,6.13,18.313,-12.939,1005.64,63.517,,benar
2,anisa,5/20/2026,12:09:03 PM,1162482318,470862,1.3042,-0.03687,0.625,-31.901,-4.16,3.649,1.08203,0.03076,-0.00879,6.13,18.313,-12.939,1005.6,63.92,,benar
2,anisa,5/20/2026,12:09:03 PM,1162482518,471062,1.3042,-0.03687,0.625,-31.901,-4.16,3.649,1.08203,0.03076,-0.00879,6.13,18.313,-12.939,1005.6,63.92,,benar
2,anisa,5/20/2026,12:09:03 PM,1162482718,471262,1.3042,-0.03687,0.625,-31.901,-4.16,3.649,1.08203,0.03076,-0.00879,6.13,18.313,-12.939,1005.6,63.92,,benar
2,anisa,5/20/2026,12:09:03 PM,1162482918,471462,1.3042,-0.03687,0.625,-31.901,-4.16,3.649,1.08203,0.03076,-0.00879,6.13,18.313,-12.939,1005.6,63.92,,benar
2,anisa,5/20/2026,12:09:04 PM,1162483118,471662,1.3042,-0.03687,0.625,-31.901,-4.16,3.649,1.08203,0.03076,-0.00879,6.13,18.313,-12.939,1005.6,63.92,,benar
2,anisa,5/20/2026,12:09:04 PM,1162483575,472118,1.3042,-0.03687,0.625,-31.901,-4.16,3.649,1.08203,0.03076,-0.00879,6.13,18.313,-12.939,1005.61,63.8,,benar
2,anisa,5/20/2026,12:09:04 PM,1162483774,472318,1.3042,-0.03687,0.625,-31.901,-4.16,3.649,1.08203,0.03076,-0.00879,6.13,18.313,-12.939,1005.61,63.8,,benar
2,anisa,5/20/2026,12:09:05 PM,1162483974,472518,1.3042,-0.03687,0.625,-31.901,-4.16,3.649,1.08203,0.03076,-0.00879,6.13,18.313,-12.939,1005.61,63.8,,benar
2,anisa,5/20/2026,12:09:05 PM,1162484174,472718,1.3042,-0.03687,0.625,-31.901,-4.16,3.649,1.08203,0.03076,-0.00879,6.13,18.313,-12.939,1005.61,63.8,,benar
2,anisa,5/20/2026,12:09:05 PM,1162484374,472918,0.8667,-0.19604,0.41797,-41.809,6.84,22.13,0.95972,0.1499,0.12305,-0.84,23.611,-13.061,1005.66,63.348,,benar
2,anisa,5/20/2026,12:09:05 PM,1162484574,473118,0.96533,-0.28955,0.49829,20.359,80.557,25.611,1.08203,0.40796,0.03784,29.023,37.962,-28.206,1005.66,63.348,,benar
2,anisa,5/20/2026,12:09:05 PM,1162484774,473318,0.6394,-0.31689,0.89941,28.29,52.794,27.832,0.75317,-0.18115,0.573,62.298,45.252,5.901,1005.66,63.348,,benar
2,anisa,5/20/2026,12:09:06 PM,1162484974,473518,0.51294,0.26196,1.16284,40.206,76.466,47.565,0.99097,0.48706,0.28076,37.954,32.634,-26.115,1005.66,63.348,,benar
2,anisa,5/20/2026,12:09:06 PM,1162485174,473718,-0.11401,0.19043,1.1311,-4.458,2.145,2.939,0.31934,0.57544,-0.53223,-24.534,-18.527,4.13,1005.66,63.348,,benar
2,anisa,5/20/2026,12:09:06 PM,1162485374,473918,0.29712,-0.65625,1.28687,-35.191,44.511,44.275,0.54688,0.74487,0.45386,-1.107,-10.275,-39.313,1005.63,63.67,,benar
2,anisa,5/20/2026,12:09:06 PM,1162485574,474118,0.06055,-0.23608,1.17334,14.305,-15.939,23.924,1.00317,0.08081,0.09717,0.252,-0.992,0.046,1005.63,63.67,,benar
2,anisa,5/20/2026,12:09:06 PM,1162485774,474318,0.06055,-0.23608,1.17334,14.305,-15.939,23.924,1.00317,0.08081,0.09717,0.252,-0.992,0.046,1005.63,63.67,,benar
2,anisa,5/20/2026,12:21:04 PM,1163203496,234040,0.6416,-0.04224,0.90015,-0.13,0.107,-1.504,0.92651,0.33154,0.23022,-0.015,-1.931,0.16,1005.6,63.927,,benar
2,anisa,5/20/2026,12:21:04 PM,1163203696,234240,0.64868,-0.0293,0.89648,-1.038,0.863,-4.832,0.93018,0.3103,0.25024,-5.305,3.924,-6.366,1005.6,63.927,,benar
2,anisa,5/20/2026,12:21:05 PM,1163204296,233840,0.64868,-0.0293,0.89648,-1.038,0.863,-4.832,0.93018,0.3103,0.25024,-5.305,3.924,-6.366,1005.6,63.927,,benar
2,anisa,5/20/2026,12:21:05 PM,1163204496,235040,0.64868,-0.0293,0.89648,-1.038,0.863,-4.832,0.93018,0.3103,0.25024,-5.305,3.924,-6.366,1005.6,63.86,,benar
2,anisa,5/20/2026,12:21:05 PM,1163204896,234440,0.64868,-0.0293,0.89648,-1.038,0.863,-4.832,0.93018,0.3103,0.25024,-5.305,3.924,-6.366,1005.6,63.927,,benar
2,anisa,5/20/2026,12:21:06 PM,1163205096,234640,0.64868,-0.0293,0.89648,-1.038,0.863,-4.832,0.93018,0.3103,0.25024,-5.305,3.924,-6.366,1005.6,63.86,,benar
2,anisa,5/20/2026,12:21:06 PM,1163205296,234840,0.64868,-0.0293,0.89648,-1.038,0.863,-4.832,0.93018,0.3103,0.25024,-5.305,3.924,-6.366,1005.6,63.86,,benar
2,anisa,5/20/2026,12:21:08 PM,1163207552,238096,0.5979,-0.07153,0.8877,6.878,9.962,2.153,0.8855,0.31982,0.28516,1.069,6.824,-11.878,1005.61,63.783,,benar
2,anisa,5/20/2026,12:21:08 PM,1163207552,238096,0.5979,-0.07153,0.8877,6.878,9.962,2.153,0.8855,0.31982,0.28516,1.069,6.824,-11.878,1005.61,63.783,,benar
2,anisa,5/20/2026,12:21:09 PM,1163208352,237896,0.5979,-0.07153,0.8877,6.878,9.962,2.153,0.8855,0.31982,0.28516,1.069,6.824,-11.878,1005.61,63.783,,benar
2,anisa,5/20/2026,12:21:16 PM,1163215576,246120,-0.50879,0.01318,0.95605,-19.191,20.954,-9.137,-0.20752,0.69409,0.8728,-14.863,-20.588,31.298,1005.6,63.869,,salah
2,anisa,5/20/2026,12:21:16 PM,1163215776,246320,-0.59082,0.00635,0.97168,-4.641,6.427,-2.588,-0.30811,0.56055,0.73779,-6.84,-3.076,1.71,1005.6,63.869,,salah
2,anisa,5/20/2026,12:21:17 PM,1163216376,245920,-0.48169,0.01636,0.89624,13.45,-10.267,2.962,-0.27661,0.51855,0.63208,4.718,0.053,4.534,1005.6,63.869,,salah
2,anisa,5/20/2026,12:21:27 PM,1163226069,255613,-0.15161,0.10767,1.06543,1.893,-3.519,-7.305,-0.34546,0.55981,0.67554,-3.84,0.015,9.443,1005.59,63.97,,salah
2,anisa,5/20/2026,12:21:27 PM,1163226269,255813,-0.15161,0.10767,1.06543,1.893,-3.519,-7.305,-0.34546,0.55981,0.67554,-3.84,0.015,9.443,1005.59,63.97,,salah
2,anisa,5/20/2026,12:21:27 PM,1163226469,257013,-0.15161,0.10767,1.06543,1.893,-3.519,-7.305,-0.34546,0.55981,0.67554,-3.84,0.015,9.443,1005.56,64.182,,salah
2,anisa,5/20/2026,12:21:27 PM,1163226869,256413,-0.15161,0.10767,1.06543,1.893,-3.519,-7.305,-0.34546,0.55981,0.67554,-3.84,0.015,9.443,1005.59,63.97,,salah
2,anisa,5/20/2026,12:21:28 PM,1163227069,256613,-0.15161,0.10767,1.06543,1.893,-3.519,-7.305,-0.34546,0.55981,0.67554,-3.84,0.015,9.443,1005.56,64.182,,salah
2,anisa,5/20/2026,12:21:28 PM,1163227269,256813,-0.15161,0.10767,1.06543,1.893,-3.519,-7.305,-0.34546,0.55981,0.67554,-3.84,0.015,9.443,1005.56,64.182,,salah
2,anisa,5/20/2026,12:21:31 PM,1163230166,259710,-0.58105,-0.05811,0.85889,-0.389,-2.595,5.382,0.90601,0.34277,0.29028,-8.397,-2.534,5.328,1005.56,64.187,,salah
2,anisa,5/20/2026,12:21:31 PM,1163230366,259910,-0.58105,-0.05811,0.85889,-0.389,-2.595,5.382,0.90601,0.34277,0.29028,-8.397,-2.534,5.328,1005.56,64.187,,salah
2,anisa,5/20/2026,12:21:33 PM,1163232609,263153,0.79541,-0.1377,0.70557,-6.031,19.473,2.565,0.88403,0.27197,0.34888,-7.053,-3.901,1.504,1005.53,64.5,,benar
2,anisa,5/20/2026,12:21:33 PM,1163232809,263353,0.79541,-0.1377,0.70557,-6.031,19.473,2.565,0.88403,0.27197,0.34888,-7.053,-3.901,1.504,1005.53,64.5,,benar
2,anisa,5/20/2026,12:21:34 PM,1163233209,262753,0.79541,-0.1377,0.70557,-6.031,19.473,2.565,0.88403,0.27197,0.34888,-7.053,-3.901,1.504,1005.53,64.5,,benar
2,anisa,5/20/2026,12:21:34 PM,1163233409,262953,0.77686,-0.17212,0.77222,1.198,4.29,-3.954,0.93213,0.3064,0.30566,-1.725,-2.42,-3.473,1005.53,64.5,,benar
2,anisa,5/20/2026,12:21:34 PM,1163233609,264153,0.75342,-0.05029,0.81665,-19.885,-3.489,4.168,0.92798,0.30859,0.25708,1.672,-2.71,5.275,1005.57,64.139,,benar
2,anisa,5/20/2026,12:21:34 PM,1163233809,264353,0.83765,-0.09082,0.70728,-7.794,-1.145,-3.45,0.92554,0.27466,0.25586,-2.382,6.817,2.16,1005.57,64.139,,benar
2,anisa,5/20/2026,12:21:38 PM,1163237597,268141,0.10547,0.03564,1.1814,-2.221,17.527,4.756,0.39307,0.7063,0.50098,-7.954,7.649,-4.817,1005.61,63.811,,salah
2,anisa,5/20/2026,12:21:38 PM,1163237797,268341,0.10547,0.03564,1.1814,-2.221,17.527,4.756,0.39307,0.7063,0.50098,-7.954,7.649,-4.817,1005.61,63.811,,salah
2,anisa,5/20/2026,12:21:39 PM,1163238597,269141,0.24902,0.00415,1.0166,-2.321,-33.206,-11.382,0.47314,0.62256,0.5769,8.55,-9.046,11.206,1005.6,63.908,,salah
2,anisa,5/20/2026,12:21:39 PM,1163238797,269341,0.24902,0.00415,1.0166,-2.321,-33.206,-11.382,0.47314,0.62256,0.5769,8.55,-9.046,11.206,1005.6,63.908,,salah
2,anisa,5/20/2026,12:21:40 PM,1163238997,268541,0.24902,0.00415,1.0166,-2.321,-33.206,-11.382,0.47314,0.62256,0.5769,8.55,-9.046,11.206,1005.6,63.908,,salah
2,anisa,5/20/2026,12:21:40 PM,1163239197,268741,0.24902,0.00415,1.0166,-2.321,-33.206,-11.382,0.47314,0.62256,0.5769,8.55,-9.046,11.206,1005.6,63.908,,salah
2,anisa,5/20/2026,12:21:40 PM,1163239397,268941,0.24902,0.00415,1.0166,-2.321,-33.206,-11.382,0.47314,0.62256,0.5769,8.55,-9.046,11.206,1005.6,63.908,,salah
2,anisa,5/20/2026,12:21:41 PM,1163239997,269541,0.24902,0.00415,1.0166,-2.321,-33.206,-11.382,0.47314,0.62256,0.5769,8.55,-9.046,11.206,1005.5,64.764,,salah
2,anisa,5/20/2026,12:21:46 PM,1163245043,274587,0.73779,0.03491,0.79858,-9.527,7.435,-7.771,0.84375,0.34424,0.33496,17.252,8.031,-9.656,1005.56,64.22,,benar
2,anisa,5/20/2026,12:21:48 PM,1163247571,278115,0.14038,-0.13232,1.20093,10.74,21.786,-1.282,0.5188,0.64014,0.62231,9.473,0.847,-4.473,1005.54,64.428,,benar
2,anisa,5/20/2026,12:21:48 PM,1163247771,278315,0.21362,-0.05713,1.33936,5.29,-20.206,-2.29,0.52368,0.62769,0.54028,3.885,-21.023,25.489,1005.54,64.428,,benar
2,anisa,5/20/2026,12:21:49 PM,1163248171,277715,0.53174,-0.06348,0.60083,28.206,-102.718,-11.473,0.86035,0.35376,0.23584,-10.061,-34.29,38.252,1005.54,64.428,,benar
2,anisa,5/20/2026,12:21:49 PM,1163248371,277915,0.53174,-0.06348,0.60083,28.206,-102.718,-11.473,0.86035,0.35376,0.23584,-10.061,-34.29,38.252,1005.54,64.428,,benar
2,anisa,5/20/2026,12:21:49 PM,1163248571,279115,0.88916,-0.02783,0.58521,1.046,1.779,13.183,0.96631,0.21094,0.17505,-2.763,8.229,5.824,1005.44,65.26,,benar
2,anisa,5/20/2026,12:21:49 PM,1163248771,279315,0.9187,-0.07666,0.60669,-1.298,12.305,0.634,0.99194,0.21143,0.17188,-3.282,5.389,-3.611,1005.44,65.26,,benar
2,anisa,5/20/2026,12:21:50 PM,1163248971,278515,0.8396,-0.08008,0.63916,-4.901,34.45,-6.954,0.88818,0.30127,0.24634,-16.725,19.344,-28.328,1005.44,65.26,,benar
2,anisa,5/20/2026,12:21:50 PM,1163249171,278715,0.77539,-0.10693,0.74731,-16.977,51.595,-14.565,0.87671,0.32056,0.2666,0.84,25.748,-33.603,1005.44,65.26,,benar
2,anisa,5/20/2026,12:21:50 PM,1163249371,278915,0.93823,-0.02002,0.51001,-11.031,-40.794,0.168,1.01147,0.25195,0.20581,-5.145,-16.817,19.885,1005.44,65.26,,benar
2,anisa,5/20/2026,12:21:50 PM,1163249571,280115,0.57202,-0.12451,0.79443,-11.382,25.557,-14.939,0.7229,0.53638,0.39063,-0.427,11.359,-0.29,1005.47,64.976,,benar
2,anisa,5/20/2026,12:21:50 PM,1163249771,280315,0.52344,-0.03735,1.04004,4.763,-5.687,-0.366,0.7522,0.45898,0.37329,7.74,-7.641,13.702,1005.47,64.976,,benar
2,anisa,5/20/2026,12:21:51 PM,1163249971,279515,0.68115,-0.06543,1.09888,6.634,-35.13,14.321,1.00659,0.53833,0.36499,1.008,-35.458,36.458,1005.47,64.976,,benar
2,anisa,5/20/2026,12:21:51 PM,1163250171,279715,0.99072,0.04565,0.88037,9.687,-17.191,-0.198,0.89087,0.42822,0.17261,-6.832,7.473,8.137,1005.47,64.976,,benar
2,anisa,5/20/2026,12:21:51 PM,1163250371,279915,0.43188,-0.01587,0.75293,-0.359,36.046,-9.901,0.60938,0.36011,0.27393,-18.664,10.496,-23.763,1005.47,64.976,,benar
2,anisa,5/20/2026,12:21:53 PM,1163252580,283124,0.73096,-0.15063,0.81885,7.656,2.366,-1.191,0.9397,0.21851,0.29565,-4.183,-0.969,1.794,1005.57,64.148,,benar
2,anisa,5/20/2026,12:21:53 PM,1163252780,283324,0.73096,-0.15063,0.81885,7.656,2.366,-1.191,0.9397,0.21851,0.29565,-4.183,-0.969,1.794,1005.57,64.148,,benar
2,anisa,5/20/2026,12:21:54 PM,1163253380,282924,0.73096,-0.15063,0.81885,7.656,2.366,-1.191,0.9397,0.21851,0.29565,-4.183,-0.969,1.794,1005.57,64.148,,benar
2,anisa,5/20/2026,12:21:54 PM,1163253637,284181,0.73096,-0.15063,0.81885,7.656,2.366,-1.191,0.9397,0.21851,0.29565,-4.183,-0.969,1.794,1005.55,64.322,,benar
2,anisa,5/20/2026,12:21:55 PM,1163253980,283524,0.73096,-0.15063,0.81885,7.656,2.366,-1.191,0.9397,0.21851,0.29565,-4.183,-0.969,1.794,1005.55,64.322,,benar
2,anisa,5/20/2026,12:21:55 PM,1163254180,283724,0.73096,-0.15063,0.81885,7.656,2.366,-1.191,0.9397,0.21851,0.29565,-4.183,-0.969,1.794,1005.55,64.322,,benar
2,anisa,5/20/2026,12:21:55 PM,1163254380,283924,0.42065,-0.12988,1.0376,-1.985,51.939,-18.74,0.74585,0.39453,0.48511,-15.481,39.664,-29.466,1005.55,64.322,,benar
2,anisa,5/20/2026,12:21:55 PM,1163254837,284381,0.42065,-0.12988,1.0376,-1.985,51.939,-18.74,0.74585,0.39453,0.48511,-15.481,39.664,-29.466,1005.59,63.951,,benar
2,anisa,5/20/2026,12:21:56 PM,1163255037,284581,0.42065,-0.12988,1.0376,-1.985,51.939,-18.74,0.74585,0.39453,0.48511,-15.481,39.664,-29.466,1005.59,63.951,,benar
2,anisa,5/20/2026,12:21:56 PM,1163255237,284781,0.42065,-0.12988,1.0376,-1.985,51.939,-18.74,0.74585,0.39453,0.48511,-15.481,39.664,-29.466,1005.59,63.951,,benar
2,anisa,5/20/2026,12:21:58 PM,1163257590,288134,0.37549,0.01758,0.85034,22.153,-86.649,-15.489,0.88989,0.58008,0.05322,9.893,-53.412,64.366,1005.55,64.293,,benar
2,anisa,5/20/2026,12:21:58 PM,1163257790,288334,0.73682,0.09961,0.80786,-29.099,-52.763,0.382,0.96606,0.31079,0.26978,-12.26,-16.099,22.718,1005.55,64.293,,benar
2,anisa,5/20/2026,12:21:59 PM,1163258190,287734,0.84351,-0.06445,0.58813,18,16.916,-7.13,0.90161,0.34277,0.12988,8.496,20.969,-23.053,1005.55,64.293,,benar
2,anisa,5/20/2026,12:21:59 PM,1163258390,287934,0.84351,-0.06445,0.58813,18,16.916,-7.13,0.90161,0.34277,0.12988,8.496,20.969,-23.053,1005.55,64.293,,benar
2,anisa,5/20/2026,12:21:59 PM,1163258590,289134,0.62671,-0.20215,0.95142,-22.794,17.573,-26.328,0.92505,0.28149,0.25562,-11.954,-17.504,25.611,1005.54,64.403,,benar
2,anisa,5/20/2026,12:22:00 PM,1163258990,288534,0.74438,-0.0835,0.79858,-25.206,-3.84,-38.382,0.8479,0.14917,0.29907,-47.321,-9.908,-0.992,1005.54,64.403,,benar
2,anisa,5/20/2026,12:22:00 PM,1163259190,288734,0.74438,-0.0835,0.79858,-25.206,-3.84,-38.382,0.8479,0.14917,0.29907,-47.321,-9.908,-0.992,1005.54,64.403,,benar
2,anisa,5/20/2026,12:22:00 PM,1163259390,288934,0.53516,-0.05664,0.65234,-7.122,34.237,-10.504,0.86792,0.39844,0.01489,-17.527,-6.412,5.221,1005.54,64.403,,benar
2,anisa,5/20/2026,12:22:15 PM,1163274825,305369,0.33398,0.02393,0.99878,11.435,-37.366,8.496,0.43848,0.64575,0.52466,-5.069,-0.641,-8.824,1005.58,64.023,,salah
2,anisa,5/20/2026,12:22:16 PM,1163275022,304566,0.4458,-0.09937,1.0542,-13.504,-27.214,6.206,0.45996,0.71216,0.55103,8.115,-26.779,33.16,1005.57,64.1,,salah
2,anisa,5/20/2026,12:22:16 PM,1163275222,304766,0.4458,-0.09937,1.0542,-13.504,-27.214,6.206,0.45996,0.71216,0.55103,8.115,-26.779,33.16,1005.57,64.1,,salah
2,anisa,5/20/2026,12:22:16 PM,1163275422,304966,0.55762,-0.03418,0.93408,-0.855,-72.305,-7.458,0.70508,0.49292,0.32739,-14.466,-45.534,63.29,1005.57,64.1,,salah
2,anisa,5/20/2026,12:22:16 PM,1163275625,306169,0.55762,-0.03418,0.93408,-0.855,-72.305,-7.458,0.70508,0.49292,0.32739,-14.466,-45.534,63.29,1005.58,64.023,,salah
2,anisa,5/20/2026,12:22:16 PM,1163275825,306369,0.83765,0.0564,0.59692,-30.389,-52.252,-13.519,0.91431,0.17456,0.2019,-67.931,-52.595,70.924,1005.56,64.187,,salah
2,anisa,5/20/2026,12:22:17 PM,1163276025,305569,0.83765,0.0564,0.59692,-30.389,-52.252,-13.519,0.91431,0.17456,0.2019,-67.931,-52.595,70.924,1005.58,64.023,,salah
2,anisa,5/20/2026,12:22:17 PM,1163276225,305769,0.4563,-0.09473,1.07861,2.153,-50.496,6.031,0.58398,0.61206,0.44214,2.328,-40.267,56.733,1005.58,64.023,,salah
2,anisa,5/20/2026,12:22:17 PM,1163276425,305969,0.4563,-0.09473,1.07861,2.153,-50.496,6.031,0.58398,0.61206,0.44214,2.328,-40.267,56.733,1005.58,64.023,,salah
2,anisa,5/20/2026,12:22:17 PM,1163276625,307169,0.4563,-0.09473,1.07861,2.153,-50.496,6.031,0.58398,0.61206,0.44214,2.328,-40.267,56.733,1005.56,64.187,,salah
2,anisa,5/20/2026,12:22:17 PM,1163276825,307369,0.4563,-0.09473,1.07861,2.153,-50.496,6.031,0.58398,0.61206,0.44214,2.328,-40.267,56.733,1005.59,63.951,,salah
2,anisa,5/20/2026,12:22:18 PM,1163277025,306569,0.4563,-0.09473,1.07861,2.153,-50.496,6.031,0.58398,0.61206,0.44214,2.328,-40.267,56.733,1005.56,64.187,,salah
2,anisa,5/20/2026,12:22:18 PM,1163277225,306769,0.4563,-0.09473,1.07861,2.153,-50.496,6.031,0.58398,0.61206,0.44214,2.328,-40.267,56.733,1005.56,64.187,,salah
2,anisa,5/20/2026,12:22:18 PM,1163277425,306969,0.4563,-0.09473,1.07861,2.153,-50.496,6.031,0.58398,0.61206,0.44214,2.328,-40.267,56.733,1005.56,64.187,,salah
2,anisa,5/20/2026,12:22:18 PM,1163277625,308169,0.4563,-0.09473,1.07861,2.153,-50.496,6.031,0.58398,0.61206,0.44214,2.328,-40.267,56.733,1005.59,63.951,,salah
2,anisa,5/20/2026,12:22:18 PM,1163277825,308369,0.4563,-0.09473,1.07861,2.153,-50.496,6.031,0.58398,0.61206,0.44214,2.328,-40.267,56.733,1005.62,63.701,,salah
2,anisa,5/20/2026,12:22:19 PM,1163278025,307569,0.4563,-0.09473,1.07861,2.153,-50.496,6.031,0.58398,0.61206,0.44214,2.328,-40.267,56.733,1005.59,63.951,,salah
2,anisa,5/20/2026,12:22:19 PM,1163278225,307769,0.4563,-0.09473,1.07861,2.153,-50.496,6.031,0.58398,0.61206,0.44214,2.328,-40.267,56.733,1005.59,63.951,,salah
2,anisa,5/20/2026,12:22:19 PM,1163278425,307969,0.4563,-0.09473,1.07861,2.153,-50.496,6.031,0.58398,0.61206,0.44214,2.328,-40.267,56.733,1005.59,63.951,,salah
2,anisa,5/20/2026,12:22:19 PM,1163278647,309191,-0.07153,0.09961,1.07764,1.695,0.656,1.702,0.34302,0.77295,0.49121,-3.344,0.863,0.55,1005.62,63.701,,salah
2,anisa,5/20/2026,12:22:20 PM,1163279048,308591,-0.07153,0.09961,1.07764,1.695,0.656,1.702,0.34302,0.77295,0.49121,-3.344,0.863,0.55,1005.62,63.701,,salah
2,anisa,5/20/2026,12:22:20 PM,1163279247,308791,-0.07153,0.09961,1.07764,1.695,0.656,1.702,0.34302,0.77295,0.49121,-3.344,0.863,0.55,1005.62,63.701,,salah
2,anisa,5/20/2026,12:22:20 PM,1163279447,308991,-0.07153,0.09961,1.07764,1.695,0.656,1.702,0.34302,0.77295,0.49121,-3.344,0.863,0.55,1005.62,63.701,,salah
2,anisa,5/20/2026,12:22:20 PM,1163279647,310191,-0.07153,0.09961,1.07764,1.695,0.656,1.702,0.34302,0.77295,0.49121,-3.344,0.863,0.55,1005.57,64.12,,salah
2,anisa,5/20/2026,12:22:20 PM,1163279847,309391,-0.07153,0.09961,1.07764,1.695,0.656,1.702,0.34302,0.77295,0.49121,-3.344,0.863,0.55,1005.57,64.12,,salah
2,anisa,5/20/2026,12:22:21 PM,1163280047,309591,-0.07153,0.09961,1.07764,1.695,0.656,1.702,0.34302,0.77295,0.49121,-3.344,0.863,0.55,1005.57,64.12,,salah
2,anisa,5/20/2026,12:22:21 PM,1163280247,309791,-0.07153,0.09961,1.07764,1.695,0.656,1.702,0.34302,0.77295,0.49121,-3.344,0.863,0.55,1005.57,64.12,,salah
2,anisa,5/20/2026,12:22:21 PM,1163280447,309991,-0.07153,0.09961,1.07764,1.695,0.656,1.702,0.34302,0.77295,0.49121,-3.344,0.863,0.55,1005.57,64.12,,salah
2,anisa,5/20/2026,12:22:21 PM,1163280647,311191,-0.07153,0.09961,1.07764,1.695,0.656,1.702,0.34302,0.77295,0.49121,-3.344,0.863,0.55,1005.58,64.052,,salah
2,anisa,5/20/2026,12:22:21 PM,1163280847,310391,-0.07153,0.09961,1.07764,1.695,0.656,1.702,0.34302,0.77295,0.49121,-3.344,0.863,0.55,1005.58,64.052,,salah
2,anisa,5/20/2026,12:22:23 PM,1163282047,311591,0.02637,0.09155,0.94336,-10.489,-51.412,5.412,0.50513,0.61084,0.4126,1.443,-32.198,41.176,1005.59,63.995,,benar
2,anisa,5/20/2026,12:22:23 PM,1163282247,311791,0.20459,0.10962,1.19629,-15.076,-59.893,7.939,0.80005,0.60889,0.50659,-19.336,-41.481,50.229,1005.59,63.995,,benar
2,anisa,5/20/2026,12:22:23 PM,1163282447,311991,0.52393,-0.09741,1.19165,-7.198,-68.901,-1.191,1.20605,0.49219,0.55298,24.786,-13.344,32.16,1005.59,63.995,,benar
2,anisa,5/20/2026,12:22:23 PM,1163282647,313191,0.58496,-0.05957,0.95288,0.427,-9.153,2.206,0.76587,0.35889,0.23169,-9.573,10.573,-0.282,1005.58,64.066,,benar
2,anisa,5/20/2026,12:22:23 PM,1163282847,312391,0.6062,0.01416,0.93701,7.015,-13.725,4.115,0.89673,0.45532,0.26392,11.824,-9.053,11.466,1005.58,64.066,,benar
2,anisa,5/20/2026,12:22:24 PM,1163283047,312591,0.59521,0.05957,0.88184,-3.527,-13.626,-0.183,0.8396,0.45654,0.23877,-11.519,-0.107,0.137,1005.58,64.066,,benar
2,anisa,5/20/2026,12:22:24 PM,1163283247,312791,0.69067,-0.06665,0.88721,-17.733,-22.664,4.702,0.93018,0.46533,0.30981,8.481,-2.565,14.458,1005.58,64.066,,benar
2,anisa,5/20/2026,12:22:24 PM,1163283447,312991,0.69067,-0.06665,0.88721,-17.733,-22.664,4.702,0.93018,0.46533,0.30981,8.481,-2.565,14.458,1005.58,64.066,,benar
2,anisa,5/20/2026,12:22:24 PM,1163283847,313391,0.91797,-0.25415,0.87891,-4.725,43.855,-16.672,-0.33984,0.70703,0.59668,-3.916,16.939,-19.733,1005.57,64.129,,benar
2,anisa,5/20/2026,12:22:27 PM,1163286883,316427,-0.64844,0.03027,0.87402,6.252,42.031,-6,-0.39575,0.65723,0.56836,-10.718,5.656,-19.626,1005.56,64.187,,salah
2,anisa,5/20/2026,12:22:28 PM,1163287083,316627,-0.64844,0.03027,0.87402,6.252,42.031,-6,-0.39575,0.65723,0.56836,-10.718,5.656,-19.626,1005.56,64.187,,salah
2,anisa,5/20/2026,12:22:28 PM,1163287283,316827,-0.64844,0.03027,0.87402,6.252,42.031,-6,-0.39575,0.65723,0.56836,-10.718,5.656,-19.626,1005.56,64.187,,salah
2,anisa,5/20/2026,12:22:33 PM,1163292131,321675,0.01294,0.03394,1.08301,2.885,-1.305,-4.382,0.31055,0.73389,0.54004,2.618,-0.206,-0.954,1005.58,64.023,,salah
2,anisa,5/20/2026,12:22:33 PM,1163292331,321875,0.01294,0.03394,1.08301,2.885,-1.305,-4.382,0.31055,0.73389,0.54004,2.618,-0.206,-0.954,1005.58,64.023,,salah
2,anisa,5/20/2026,12:22:33 PM,1163292531,323075,0.01294,0.03394,1.08301,2.885,-1.305,-4.382,0.31055,0.73389,0.54004,2.618,-0.206,-0.954,1005.61,63.779,,salah
2,anisa,5/20/2026,12:22:33 PM,1163292731,323275,0.01294,0.03394,1.08301,2.885,-1.305,-4.382,0.31055,0.73389,0.54004,2.618,-0.206,-0.954,1005.6,63.928,,salah
2,anisa,5/20/2026,12:22:33 PM,1163292931,322475,0.01294,0.03394,1.08301,2.885,-1.305,-4.382,0.31055,0.73389,0.54004,2.618,-0.206,-0.954,1005.61,63.779,,salah
2,anisa,5/20/2026,12:22:34 PM,1163293131,322675,0.01294,0.03394,1.08301,2.885,-1.305,-4.382,0.31055,0.73389,0.54004,2.618,-0.206,-0.954,1005.61,63.779,,salah
2,anisa,5/20/2026,12:22:34 PM,1163293331,322875,0.03369,0.07251,1.22388,-4.496,-40.237,5.908,0.3335,0.77881,0.5188,-2.046,-3.107,17.435,1005.61,63.779,,salah
2,anisa,5/20/2026,12:22:34 PM,1163293931,323475,0.24316,-0.03662,1.0293,-67.031,-45.313,25.305,0.56128,0.70459,0.37598,-5.504,-59.664,24.824,1005.6,63.928,,salah
2,anisa,5/20/2026,12:22:36 PM,1163295674,326217,0.31396,-0.01758,1.09521,-8.092,-65.031,-33.832,0.67676,0.59814,0.31763,-13.611,-58.565,45.985,1005.55,64.317,,salah
2,anisa,5/20/2026,12:22:37 PM,1163296473,327017,0.31396,-0.01758,1.09521,-8.092,-65.031,-33.832,0.67676,0.59814,0.31763,-13.611,-58.565,45.985,1005.61,63.822,,salah
2,anisa,5/20/2026,12:22:37 PM,1163296673,327217,0.31396,-0.01758,1.09521,-8.092,-65.031,-33.832,0.67676,0.59814,0.31763,-13.611,-58.565,45.985,1005.61,63.822,,salah
2,anisa,5/20/2026,12:22:37 PM,1163296873,326417,0.57739,-0.05811,0.85059,-10.496,-84.023,-10.344,0.82764,0.44556,0.25195,-7.42,-31.641,38.908,1005.61,63.822,,salah
2,anisa,5/20/2026,12:22:40 PM,1163299073,328617,0.78247,0.16504,0.76074,21.954,16.595,-24.275,0.62402,0.40137,0.12158,5.198,7.382,1.145,1005.64,63.581,,benar
2,anisa,5/20/2026,12:22:40 PM,1163299273,328817,0.70435,-0.12183,0.8623,-57.008,-44.588,-25.649,1.06519,0.3877,0.44507,-19.389,-46.305,31.115,1005.64,63.581,,benar
2,anisa,5/20/2026,12:22:40 PM,1163299873,329417,0.73389,-0.04102,0.74097,13.588,21.786,-5.008,0.93921,0.30127,0.10815,9.527,12.382,-22.084,1005.6,63.87,,benar
2,anisa,5/20/2026,12:22:42 PM,1163301813,332357,0.49121,-0.08008,1.15869,-5.374,-10.115,10.069,0.89697,0.37134,0.22412,-2.58,-20.046,17.763,1005.54,64.37,,benar
2,anisa,5/20/2026,12:22:44 PM,1163303013,332557,0.49121,-0.08008,1.15869,-5.374,-10.115,10.069,0.89697,0.37134,0.22412,-2.58,-20.046,17.763,1005.54,64.37,,benar
2,anisa,5/20/2026,12:22:44 PM,1163303213,332757,0.80273,-0.06812,0.86987,-16.534,-7.542,-10.489,0.99951,0.3374,0.20337,-17.473,-5.748,2.137,1005.54,64.37,,benar
2,anisa,5/20/2026,12:22:44 PM,1163303413,332957,0.80273,-0.06812,0.86987,-16.534,-7.542,-10.489,0.99951,0.3374,0.20337,-17.473,-5.748,2.137,1005.54,64.37,,benar
2,anisa,5/20/2026,12:22:46 PM,1163305584,336128,0.71704,-0.0752,0.84985,1.168,1.802,-2.023,0.94702,0.33374,0.19678,-1.374,-0.389,2.435,1005.6,63.893,,benar
2,anisa,5/20/2026,12:22:46 PM,1163305784,336328,0.70801,-0.07373,0.85205,1.771,3.282,-1.008,0.94336,0.29614,0.20215,1.305,2,1.069,1005.6,63.87,,benar
2,anisa,5/20/2026,12:22:50 PM,1163309638,340182,0.81836,-0.02979,0.47339,6.74,-47.519,-6.71,1.00366,0.28247,0.01953,-4.405,-0.954,10.672,1005.6,63.85,,salah
2,anisa,5/20/2026,12:22:51 PM,1163310439,339982,0.81836,-0.02979,0.47339,6.74,-47.519,-6.71,1.00366,0.28247,0.01953,-4.405,-0.954,10.672,1005.6,63.85,,salah
2,anisa,5/20/2026,12:22:53 PM,1163312464,343008,0.69067,-0.25806,0.81885,4.046,42.702,-13.702,0.7356,0.56616,0.22314,-45.244,-95.366,74.969,1005.58,64.091,,salah