datetime,epoch_ms,ts_millis,sensor,temperature_c,pressure_hpa,altitude_m
2026-06-11 18:06:32.423,3084731879,15423,BME280,25.33,1007.79,45.517
2026-06-11 18:06:32.623,3084732079,15623,BME280,25.33,1007.79,45.517
2026-06-11 18:06:32.823,3084732279,15823,BME280,25.33,1007.79,45.517
2026-06-11 18:06:32.199,3084731655,16199,BME280,25.33,1007.79,45.517
2026-06-11 18:06:33.399,3084732855,16399,BME280,25.33,1007.79,45.56
2026-06-11 18:06:33.620,3084733076,16620,BME280,25.33,1007.79,45.56
2026-06-11 18:06:33.820,3084733276,16820,BME280,25.33,1007.79,45.56
2026-06-11 18:06:33.020,3084732476,17020,BME280,25.33,1007.79,45.56
2026-06-11 18:06:34.297,3084733753,17297,BME280,25.33,1007.77,45.727
2026-06-11 18:06:34.297,3084733753,17297,BME280,25.33,1007.77,45.727
2026-06-11 18:06:39.475,3084738931,22475,BME280,25.33,1007.81,45.359
2026-06-11 18:06:39.675,3084739131,22675,BME280,25.33,1007.81,45.359
2026-06-11 18:06:39.875,3084739331,22875,BME280,25.33,1007.81,45.359
2026-06-11 18:06:39.075,3084738531,23075,BME280,25.33,1007.81,45.359
2026-06-11 18:06:40.275,3084739731,23275,BME280,25.33,1007.8,45.51
2026-06-11 18:06:40.475,3084739931,23475,BME280,25.33,1007.8,45.51
2026-06-11 18:06:40.675,3084740131,23675,BME280,25.33,1007.8,45.51
2026-06-11 18:06:40.875,3084740331,23875,BME280,25.33,1007.8,45.51
2026-06-11 18:06:40.075,3084739531,24075,BME280,25.33,1007.8,45.51
2026-06-11 18:06:41.275,3084740731,24275,BME280,25.33,1007.81,45.374
2026-06-11 18:06:41.475,3084740931,24475,BME280,25.33,1007.81,45.374
2026-06-11 18:06:41.675,3084741131,24675,BME280,25.33,1007.81,45.374
2026-06-11 18:06:41.875,3084741331,24875,BME280,25.33,1007.81,45.374
2026-06-11 18:06:41.875,3084741331,24875,BME280,25.33,1007.81,45.374
2026-06-11 18:06:46.940,3084746396,29940,BME280,25.34,1007.83,45.225
2026-06-11 18:06:46.140,3084745596,30140,BME280,25.34,1007.83,45.225
2026-06-11 18:06:47.340,3084746796,30340,BME280,25.34,1007.83,45.201
2026-06-11 18:06:47.540,3084746996,30540,BME280,25.34,1007.83,45.201
2026-06-11 18:06:47.740,3084747196,30740,BME280,25.34,1007.83,45.201
2026-06-11 18:06:47.940,3084747396,30940,BME280,25.34,1007.83,45.201
2026-06-11 18:06:47.140,3084746596,31140,BME280,25.34,1007.83,45.201
2026-06-11 18:06:48.340,3084747796,31340,BME280,25.34,1007.76,45.814
2026-06-11 18:06:48.540,3084747996,31540,BME280,25.34,1007.76,45.814
2026-06-11 18:06:48.740,3084748196,31740,BME280,25.34,1007.76,45.814
2026-06-11 18:06:48.940,3084748396,31940,BME280,25.34,1007.76,45.814
2026-06-11 18:06:48.140,3084747596,32140,BME280,25.34,1007.76,45.814
2026-06-11 18:06:49.340,3084748796,32340,BME280,25.34,1007.7,46.293
2026-06-11 18:06:49.540,3084748996,32540,BME280,25.34,1007.7,46.293
2026-06-11 18:06:49.740,3084749196,32740,BME280,25.34,1007.7,46.293
2026-06-11 18:06:49.940,3084749396,32940,BME280,25.34,1007.7,46.293
2026-06-11 18:06:49.140,3084748596,33140,BME280,25.34,1007.7,46.293
2026-06-11 18:06:50.340,3084749796,33340,BME280,25.34,1007.72,46.126
2026-06-11 18:06:50.540,3084749996,33540,BME280,25.34,1007.72,46.126
2026-06-11 18:06:50.740,3084750196,33740,BME280,25.34,1007.72,46.126
2026-06-11 18:06:50.940,3084750396,33940,BME280,25.34,1007.72,46.126
2026-06-11 18:06:50.140,3084749596,34140,BME280,25.34,1007.72,46.126
2026-06-11 18:06:51.340,3084750796,34340,BME280,25.34,1007.85,45.095
2026-06-11 18:06:51.540,3084750996,34540,BME280,25.34,1007.85,45.095
2026-06-11 18:06:51.740,3084751196,34740,BME280,25.34,1007.85,45.095
2026-06-11 18:06:51.940,3084751396,34940,BME280,25.34,1007.85,45.095
2026-06-11 18:06:51.140,3084750596,35140,BME280,25.34,1007.85,45.095
2026-06-11 18:06:52.340,3084751796,35340,BME280,25.34,1007.83,45.23
2026-06-11 18:06:52.540,3084751996,35540,BME280,25.34,1007.83,45.23
2026-06-11 18:06:52.740,3084752196,35740,BME280,25.34,1007.83,45.23
2026-06-11 18:06:52.940,3084752396,35940,BME280,25.34,1007.83,45.23
2026-06-11 18:06:52.140,3084751596,36140,BME280,25.34,1007.83,45.23
2026-06-11 18:06:53.340,3084752796,36340,BME280,25.34,1007.82,45.345
2026-06-11 18:06:53.540,3084752996,36540,BME280,25.34,1007.82,45.345
2026-06-11 18:06:53.740,3084753196,36740,BME280,25.34,1007.82,45.345
2026-06-11 18:06:53.940,3084753396,36940,BME280,25.34,1007.82,45.345
2026-06-11 18:06:53.140,3084752596,37140,BME280,25.34,1007.82,45.345
2026-06-11 18:06:54.340,3084753796,37340,BME280,25.35,1007.84,45.115
2026-06-11 18:06:54.540,3084753996,37540,BME280,25.35,1007.84,45.115
2026-06-11 18:06:54.740,3084754196,37740,BME280,25.35,1007.84,45.115
2026-06-11 18:06:54.940,3084754396,37940,BME280,25.35,1007.84,45.115
2026-06-11 18:06:54.140,3084753596,38140,BME280,25.35,1007.84,45.115
2026-06-11 18:06:55.340,3084754796,38340,BME280,25.35,1007.8,45.479
2026-06-11 18:06:55.540,3084754996,38540,BME280,25.35,1007.8,45.479
2026-06-11 18:06:55.740,3084755196,38740,BME280,25.35,1007.8,45.479
2026-06-11 18:06:55.940,3084755396,38940,BME280,25.35,1007.8,45.479
2026-06-11 18:06:55.140,3084754596,39140,BME280,25.35,1007.8,45.479
2026-06-11 18:06:56.340,3084755796,39340,BME280,25.35,1007.83,45.201
2026-06-11 18:06:56.540,3084755996,39540,BME280,25.35,1007.83,45.201
2026-06-11 18:06:56.740,3084756196,39740,BME280,25.35,1007.83,45.201
2026-06-11 18:06:56.940,3084756396,39940,BME280,25.35,1007.83,45.201
2026-06-11 18:06:56.140,3084755596,40140,BME280,25.35,1007.83,45.201
2026-06-11 18:06:57.340,3084756796,40340,BME280,25.35,1007.82,45.345
2026-06-11 18:06:57.540,3084756996,40540,BME280,25.35,1007.82,45.345
2026-06-11 18:06:57.740,3084757196,40740,BME280,25.35,1007.82,45.345
2026-06-11 18:06:57.940,3084757396,40940,BME280,25.35,1007.82,45.345
2026-06-11 18:06:57.140,3084756596,41140,BME280,25.35,1007.82,45.345
2026-06-11 18:06:58.340,3084757796,41340,BME280,25.34,1007.8,45.44
2026-06-11 18:06:58.540,3084757996,41540,BME280,25.34,1007.8,45.44
2026-06-11 18:06:58.740,3084758196,41740,BME280,25.34,1007.8,45.44
2026-06-11 18:06:58.940,3084758396,41940,BME280,25.34,1007.8,45.44
2026-06-11 18:06:58.140,3084757596,42140,BME280,25.34,1007.8,45.44
2026-06-11 18:06:59.340,3084758796,42340,BME280,25.35,1007.8,45.44
2026-06-11 18:06:59.540,3084758996,42540,BME280,25.35,1007.8,45.44
2026-06-11 18:06:59.740,3084759196,42740,BME280,25.35,1007.8,45.44
2026-06-11 18:06:59.940,3084759396,42940,BME280,25.35,1007.8,45.44
2026-06-11 18:06:59.140,3084758596,43140,BME280,25.35,1007.8,45.44
2026-06-11 18:07:00.340,3084759796,43340,BME280,25.35,1007.8,45.484
2026-06-11 18:07:00.540,3084759996,43540,BME280,25.35,1007.8,45.484
2026-06-11 18:07:00.740,3084760196,43740,BME280,25.35,1007.8,45.484
2026-06-11 18:07:00.940,3084760396,43940,BME280,25.35,1007.8,45.484
2026-06-11 18:07:00.140,3084759596,44140,BME280,25.35,1007.8,45.484
2026-06-11 18:07:01.340,3084760796,44340,BME280,25.35,1007.82,45.278
2026-06-11 18:07:01.540,3084760996,44540,BME280,25.35,1007.82,45.278
2026-06-11 18:07:01.740,3084761196,44740,BME280,25.35,1007.82,45.278
2026-06-11 18:07:01.940,3084761396,44940,BME280,25.35,1007.82,45.278
2026-06-11 18:07:01.140,3084760596,45140,BME280,25.35,1007.82,45.278
2026-06-11 18:07:02.340,3084761796,45340,BME280,25.34,1007.8,45.484
2026-06-11 18:07:02.540,3084761996,45540,BME280,25.34,1007.8,45.484
2026-06-11 18:07:02.740,3084762196,45740,BME280,25.34,1007.8,45.484
2026-06-11 18:07:02.940,3084762396,45940,BME280,25.34,1007.8,45.484
2026-06-11 18:07:02.140,3084761596,46140,BME280,25.34,1007.8,45.484
2026-06-11 18:07:03.340,3084762796,46340,BME280,25.35,1007.82,45.33
2026-06-11 18:07:03.540,3084762996,46540,BME280,25.35,1007.82,45.33
2026-06-11 18:07:03.740,3084763196,46740,BME280,25.35,1007.82,45.33
2026-06-11 18:07:03.940,3084763396,46940,BME280,25.35,1007.82,45.33
2026-06-11 18:07:03.140,3084762596,47140,BME280,25.35,1007.82,45.33
2026-06-11 18:07:04.340,3084763796,47340,BME280,25.35,1007.81,45.374
2026-06-11 18:07:04.540,3084763996,47540,BME280,25.35,1007.81,45.374
2026-06-11 18:07:04.740,3084764196,47740,BME280,25.35,1007.81,45.374
2026-06-11 18:07:04.940,3084764396,47940,BME280,25.35,1007.81,45.374
2026-06-11 18:07:04.140,3084763596,48140,BME280,25.35,1007.81,45.374
2026-06-11 18:07:05.340,3084764796,48340,BME280,25.35,1007.82,45.273
2026-06-11 18:07:05.540,3084764996,48540,BME280,25.35,1007.82,45.273
2026-06-11 18:07:05.740,3084765196,48740,BME280,25.35,1007.82,45.273
2026-06-11 18:07:05.940,3084765396,48940,BME280,25.35,1007.82,45.273
2026-06-11 18:07:05.140,3084764596,49140,BME280,25.35,1007.82,45.273
2026-06-11 18:07:06.340,3084765796,49340,BME280,25.35,1007.81,45.416
2026-06-11 18:07:06.540,3084765996,49540,BME280,25.35,1007.81,45.416
2026-06-11 18:07:06.740,3084766196,49740,BME280,25.35,1007.81,45.416
2026-06-11 18:07:06.940,3084766396,49940,BME280,25.35,1007.81,45.416
2026-06-11 18:07:06.140,3084765596,50140,BME280,25.35,1007.81,45.416
2026-06-11 18:07:07.340,3084766796,50340,BME280,25.36,1007.83,45.201
2026-06-11 18:07:07.540,3084766996,50540,BME280,25.36,1007.83,45.201
2026-06-11 18:07:07.740,3084767196,50740,BME280,25.36,1007.83,45.201
2026-06-11 18:07:07.940,3084767396,50940,BME280,25.36,1007.83,45.201
2026-06-11 18:07:07.140,3084766596,51140,BME280,25.36,1007.83,45.201
2026-06-11 18:07:08.340,3084767796,51340,BME280,25.35,1007.83,45.234
2026-06-11 18:07:08.540,3084767996,51540,BME280,25.35,1007.83,45.234
2026-06-11 18:07:08.740,3084768196,51740,BME280,25.35,1007.83,45.234
2026-06-11 18:07:08.940,3084768396,51940,BME280,25.35,1007.83,45.234
2026-06-11 18:07:08.140,3084767596,52140,BME280,25.35,1007.83,45.234
2026-06-11 18:07:09.340,3084768796,52340,BME280,25.35,1007.81,45.378
2026-06-11 18:07:09.540,3084768996,52540,BME280,25.35,1007.81,45.378
2026-06-11 18:07:09.740,3084769196,52740,BME280,25.35,1007.81,45.378
2026-06-11 18:07:09.940,3084769396,52940,BME280,25.35,1007.81,45.378
2026-06-11 18:07:09.140,3084768596,53140,BME280,25.35,1007.81,45.378
2026-06-11 18:07:10.340,3084769796,53340,BME280,25.35,1007.82,45.292
2026-06-11 18:07:10.540,3084769996,53540,BME280,25.35,1007.82,45.292
2026-06-11 18:07:10.740,3084770196,53740,BME280,25.35,1007.82,45.292
2026-06-11 18:07:10.940,3084770396,53940,BME280,25.35,1007.82,45.292
2026-06-11 18:07:10.140,3084769596,54140,BME280,25.35,1007.82,45.292
2026-06-11 18:07:11.340,3084770796,54340,BME280,25.35,1007.81,45.383
2026-06-11 18:07:11.540,3084770996,54540,BME280,25.35,1007.81,45.383
2026-06-11 18:07:11.740,3084771196,54740,BME280,25.35,1007.81,45.383
2026-06-11 18:07:11.940,3084771396,54940,BME280,25.35,1007.81,45.383
2026-06-11 18:07:11.140,3084770596,55140,BME280,25.35,1007.81,45.383
2026-06-11 18:07:12.340,3084771796,55340,BME280,25.36,1007.83,45.234
2026-06-11 18:07:12.540,3084771996,55540,BME280,25.36,1007.83,45.234
2026-06-11 18:07:12.740,3084772196,55740,BME280,25.36,1007.83,45.234
2026-06-11 18:07:12.940,3084772396,55940,BME280,25.36,1007.83,45.234
2026-06-11 18:07:12.140,3084771596,56140,BME280,25.36,1007.83,45.234
2026-06-11 18:07:13.340,3084772796,56340,BME280,25.35,1007.82,45.306
2026-06-11 18:07:13.540,3084772996,56540,BME280,25.35,1007.82,45.306
2026-06-11 18:07:13.740,3084773196,56740,BME280,25.35,1007.82,45.306
2026-06-11 18:07:13.940,3084773396,56940,BME280,25.35,1007.82,45.306
2026-06-11 18:07:13.140,3084772596,57140,BME280,25.35,1007.82,45.306
2026-06-11 18:07:14.340,3084773796,57340,BME280,25.35,1007.83,45.201
2026-06-11 18:07:14.540,3084773996,57540,BME280,25.35,1007.83,45.201
2026-06-11 18:07:14.740,3084774196,57740,BME280,25.35,1007.83,45.201
2026-06-11 18:07:14.940,3084774396,57940,BME280,25.35,1007.83,45.201
2026-06-11 18:07:14.140,3084773596,58140,BME280,25.35,1007.83,45.201
2026-06-11 18:07:15.340,3084774796,58340,BME280,25.36,1007.82,45.302
2026-06-11 18:07:15.540,3084774996,58540,BME280,25.36,1007.82,45.302
2026-06-11 18:07:15.740,3084775196,58740,BME280,25.36,1007.82,45.302
2026-06-11 18:07:15.940,3084775396,58940,BME280,25.36,1007.82,45.302
2026-06-11 18:07:15.140,3084774596,59140,BME280,25.36,1007.82,45.302
2026-06-11 18:07:16.340,3084775796,59340,BME280,25.35,1007.78,45.637
2026-06-11 18:07:16.540,3084775996,59540,BME280,25.35,1007.78,45.637
2026-06-11 18:07:16.740,3084776196,59740,BME280,25.35,1007.78,45.637
2026-06-11 18:07:16.940,3084776396,59940,BME280,25.35,1007.78,45.637
2026-06-11 18:07:16.140,3084775596,60140,BME280,25.35,1007.78,45.637
2026-06-11 18:07:17.340,3084776796,60340,BME280,25.35,1007.8,45.484
2026-06-11 18:07:17.540,3084776996,60540,BME280,25.35,1007.8,45.484
2026-06-11 18:07:17.740,3084777196,60740,BME280,25.35,1007.8,45.484
2026-06-11 18:07:17.940,3084777396,60940,BME280,25.35,1007.8,45.484
2026-06-11 18:07:17.140,3084776596,61140,BME280,25.35,1007.8,45.484
2026-06-11 18:07:18.340,3084777796,61340,BME280,25.36,1007.81,45.374
2026-06-11 18:07:18.540,3084777996,61540,BME280,25.36,1007.81,45.374
2026-06-11 18:07:18.540,3084777996,61540,BME280,25.36,1007.81,45.374
2026-06-11 18:07:23.684,3084783140,66684,BME280,25.36,1007.84,45.162
2026-06-11 18:07:23.884,3084783340,66884,BME280,25.36,1007.84,45.162
2026-06-11 18:07:23.084,3084782540,67084,BME280,25.36,1007.84,45.162
2026-06-11 18:07:24.284,3084783740,67284,BME280,25.36,1007.81,45.374
2026-06-11 18:07:24.484,3084783940,67484,BME280,25.36,1007.81,45.374
2026-06-11 18:07:24.484,3084783940,67484,BME280,25.36,1007.81,45.374
2026-06-11 18:07:29.582,3084789038,72582,BME280,25.37,1007.84,45.172
2026-06-11 18:07:29.782,3084789238,72782,BME280,25.37,1007.84,45.172
2026-06-11 18:07:29.982,3084789438,72982,BME280,25.37,1007.84,45.172
2026-06-11 18:07:29.182,3084788638,73182,BME280,25.37,1007.84,45.172
2026-06-11 18:07:30.382,3084789838,73382,BME280,25.37,1007.82,45.33
2026-06-11 18:07:30.582,3084790038,73582,BME280,25.37,1007.82,45.33
2026-06-11 18:07:30.782,3084790238,73782,BME280,25.37,1007.82,45.33
2026-06-11 18:07:30.982,3084790438,73982,BME280,25.37,1007.82,45.33
2026-06-11 18:07:30.182,3084789638,74182,BME280,25.37,1007.82,45.33
2026-06-11 18:07:31.382,3084790838,74382,BME280,25.36,1007.84,45.176
2026-06-11 18:07:31.582,3084791038,74582,BME280,25.36,1007.84,45.176
2026-06-11 18:07:31.782,3084791238,74782,BME280,25.36,1007.84,45.176
2026-06-11 18:07:31.982,3084791438,74982,BME280,25.36,1007.84,45.176
2026-06-11 18:07:31.182,3084790638,75182,BME280,25.36,1007.84,45.176
2026-06-11 18:07:32.382,3084791838,75382,BME280,25.37,1007.83,45.258
2026-06-11 18:07:32.582,3084792038,75582,BME280,25.37,1007.83,45.258
2026-06-11 18:07:32.782,3084792238,75782,BME280,25.37,1007.83,45.258
2026-06-11 18:07:32.982,3084792438,75982,BME280,25.37,1007.83,45.258
2026-06-11 18:07:32.182,3084791638,76182,BME280,25.37,1007.81,45.359
2026-06-11 18:07:33.382,3084792838,76382,BME280,25.37,1007.81,45.359
2026-06-11 18:07:33.582,3084793038,76582,BME280,25.37,1007.81,45.359
2026-06-11 18:07:33.782,3084793238,76782,BME280,25.37,1007.81,45.359
2026-06-11 18:07:33.982,3084793438,76982,BME280,25.37,1007.81,45.359
2026-06-11 18:07:33.182,3084792638,77182,BME280,25.37,1007.82,45.316
2026-06-11 18:07:34.382,3084793838,77382,BME280,25.37,1007.82,45.316
2026-06-11 18:07:34.582,3084794038,77582,BME280,25.37,1007.82,45.316
2026-06-11 18:07:34.782,3084794238,77782,BME280,25.37,1007.82,45.316
2026-06-11 18:07:34.982,3084794438,77982,BME280,25.37,1007.82,45.316
2026-06-11 18:07:34.182,3084793638,78182,BME280,25.36,1007.83,45.22
2026-06-11 18:07:35.382,3084794838,78382,BME280,25.36,1007.83,45.22
2026-06-11 18:07:35.582,3084795038,78582,BME280,25.36,1007.83,45.22
2026-06-11 18:07:35.782,3084795238,78782,BME280,25.36,1007.83,45.22
2026-06-11 18:07:35.982,3084795438,78982,BME280,25.36,1007.83,45.22
2026-06-11 18:07:35.182,3084794638,79182,BME280,25.37,1007.84,45.114
2026-06-11 18:07:36.382,3084795838,79382,BME280,25.37,1007.84,45.114
2026-06-11 18:07:36.582,3084796038,79582,BME280,25.37,1007.84,45.114
2026-06-11 18:07:36.782,3084796238,79782,BME280,25.37,1007.84,45.114
2026-06-11 18:07:36.982,3084796438,79982,BME280,25.37,1007.84,45.114
2026-06-11 18:07:36.182,3084795638,80182,BME280,25.37,1007.84,45.124
2026-06-11 18:07:37.382,3084796838,80382,BME280,25.37,1007.84,45.124
2026-06-11 18:07:37.582,3084797038,80582,BME280,25.37,1007.84,45.124
2026-06-11 18:07:37.782,3084797238,80782,BME280,25.37,1007.84,45.124
2026-06-11 18:07:37.982,3084797438,80982,BME280,25.37,1007.84,45.124
2026-06-11 18:07:37.182,3084796638,81182,BME280,25.37,1007.81,45.388
2026-06-11 18:07:38.382,3084797838,81382,BME280,25.37,1007.81,45.388
2026-06-11 18:07:38.582,3084798038,81582,BME280,25.37,1007.81,45.388
2026-06-11 18:07:38.782,3084798238,81782,BME280,25.37,1007.81,45.388
2026-06-11 18:07:38.982,3084798438,81982,BME280,25.37,1007.81,45.388
2026-06-11 18:07:38.182,3084797638,82182,BME280,25.37,1007.83,45.215
2026-06-11 18:07:39.382,3084798838,82382,BME280,25.37,1007.83,45.215
2026-06-11 18:07:39.582,3084799038,82582,BME280,25.37,1007.83,45.215
2026-06-11 18:07:39.782,3084799238,82782,BME280,25.37,1007.83,45.215
2026-06-11 18:07:39.982,3084799438,82982,BME280,25.37,1007.83,45.215
2026-06-11 18:07:39.182,3084798638,83182,BME280,25.37,1007.84,45.153
2026-06-11 18:07:40.382,3084799838,83382,BME280,25.37,1007.84,45.153
2026-06-11 18:07:40.582,3084800038,83582,BME280,25.37,1007.84,45.153
2026-06-11 18:07:40.782,3084800238,83782,BME280,25.37,1007.84,45.153
2026-06-11 18:07:40.982,3084800438,83982,BME280,25.37,1007.84,45.153
2026-06-11 18:07:40.182,3084799638,84182,BME280,25.37,1007.81,45.388
2026-06-11 18:07:41.382,3084800838,84382,BME280,25.37,1007.81,45.388
2026-06-11 18:07:41.582,3084801038,84582,BME280,25.37,1007.81,45.388
2026-06-11 18:07:41.782,3084801238,84782,BME280,25.37,1007.81,45.388
2026-06-11 18:07:41.982,3084801438,84982,BME280,25.37,1007.81,45.388
2026-06-11 18:07:41.182,3084800638,85182,BME280,25.36,1007.83,45.248
2026-06-11 18:07:42.382,3084801838,85382,BME280,25.36,1007.83,45.248
2026-06-11 18:07:42.582,3084802038,85582,BME280,25.36,1007.83,45.248
2026-06-11 18:07:42.782,3084802238,85782,BME280,25.36,1007.83,45.248
2026-06-11 18:07:42.982,3084802438,85982,BME280,25.36,1007.83,45.248
2026-06-11 18:07:42.182,3084801638,86182,BME280,25.37,1007.82,45.272
2026-06-11 18:07:43.382,3084802838,86382,BME280,25.37,1007.82,45.272
2026-06-11 18:07:43.582,3084803038,86582,BME280,25.37,1007.82,45.272
2026-06-11 18:07:43.782,3084803238,86782,BME280,25.37,1007.82,45.272
2026-06-11 18:07:43.982,3084803438,86982,BME280,25.37,1007.82,45.272
2026-06-11 18:07:43.182,3084802638,87182,BME280,25.37,1007.82,45.286
2026-06-11 18:07:44.382,3084803838,87382,BME280,25.37,1007.82,45.286
2026-06-11 18:07:44.582,3084804038,87582,BME280,25.37,1007.82,45.286
2026-06-11 18:07:44.782,3084804238,87782,BME280,25.37,1007.82,45.286
2026-06-11 18:07:44.982,3084804438,87982,BME280,25.37,1007.82,45.286
2026-06-11 18:07:44.182,3084803638,88182,BME280,25.37,1007.76,45.848
2026-06-11 18:07:45.382,3084804838,88382,BME280,25.37,1007.76,45.848
2026-06-11 18:07:45.582,3084805038,88582,BME280,25.37,1007.76,45.848
2026-06-11 18:07:45.782,3084805238,88782,BME280,25.37,1007.76,45.848
2026-06-11 18:07:45.982,3084805438,88982,BME280,25.37,1007.76,45.848
2026-06-11 18:07:45.182,3084804638,89182,BME280,25.37,1007.78,45.67
2026-06-11 18:07:46.382,3084805838,89382,BME280,25.37,1007.78,45.67
2026-06-11 18:07:46.590,3084806046,89590,BME280,25.37,1007.78,45.67
2026-06-11 18:07:46.790,3084806246,89790,BME280,25.37,1007.78,45.67
2026-06-11 18:07:46.990,3084806446,89990,BME280,25.37,1007.78,45.67
2026-06-11 18:07:46.190,3084805646,90190,BME280,25.37,1007.84,45.153
2026-06-11 18:07:47.390,3084806846,90390,BME280,25.37,1007.84,45.153
2026-06-11 18:07:47.590,3084807046,90590,BME280,25.37,1007.84,45.153
2026-06-11 18:07:47.790,3084807246,90790,BME280,25.37,1007.84,45.153
2026-06-11 18:07:47.990,3084807446,90990,BME280,25.37,1007.84,45.153
2026-06-11 18:07:47.190,3084806646,91190,BME280,25.37,1007.82,45.272
2026-06-11 18:07:48.390,3084807846,91390,BME280,25.37,1007.82,45.272
2026-06-11 18:07:48.590,3084808046,91590,BME280,25.37,1007.82,45.272
2026-06-11 18:07:48.790,3084808246,91790,BME280,25.37,1007.82,45.272
2026-06-11 18:07:48.990,3084808446,91990,BME280,25.37,1007.82,45.272
2026-06-11 18:07:48.190,3084807646,92190,BME280,25.37,1007.83,45.205
2026-06-11 18:07:49.390,3084808846,92390,BME280,25.37,1007.83,45.205
2026-06-11 18:07:49.590,3084809046,92590,BME280,25.37,1007.83,45.205
2026-06-11 18:07:49.790,3084809246,92790,BME280,25.37,1007.83,45.205
2026-06-11 18:07:49.990,3084809446,92990,BME280,25.37,1007.83,45.205
2026-06-11 18:07:49.190,3084808646,93190,BME280,25.37,1007.83,45.201
2026-06-11 18:07:50.390,3084809846,93390,BME280,25.37,1007.83,45.201
2026-06-11 18:07:50.590,3084810046,93590,BME280,25.37,1007.83,45.201
2026-06-11 18:07:50.790,3084810246,93790,BME280,25.37,1007.83,45.201
2026-06-11 18:07:50.990,3084810446,93990,BME280,25.37,1007.83,45.201
2026-06-11 18:07:50.190,3084809646,94190,BME280,25.37,1007.85,45.061
2026-06-11 18:07:51.403,3084810859,94403,BME280,25.37,1007.85,45.061
2026-06-11 18:07:51.603,3084811059,94603,BME280,25.37,1007.85,45.061
2026-06-11 18:07:51.803,3084811259,94803,BME280,25.37,1007.85,45.061
2026-06-11 18:07:51.003,3084810459,95003,BME280,25.37,1007.85,45.061
2026-06-11 18:07:51.203,3084810659,95203,BME280,25.37,1007.75,45.9
2026-06-11 18:07:52.403,3084811859,95403,BME280,25.37,1007.75,45.9
2026-06-11 18:07:52.603,3084812059,95603,BME280,25.37,1007.75,45.9
2026-06-11 18:07:52.803,3084812259,95803,BME280,25.37,1007.75,45.9
2026-06-11 18:07:52.003,3084811459,96003,BME280,25.37,1007.75,45.9
2026-06-11 18:07:52.203,3084811659,96203,BME280,25.37,1007.74,46.01
2026-06-11 18:07:53.403,3084812859,96403,BME280,25.37,1007.74,46.01
2026-06-11 18:07:53.603,3084813059,96603,BME280,25.37,1007.74,46.01
2026-06-11 18:07:53.803,3084813259,96803,BME280,25.37,1007.74,46.01
2026-06-11 18:07:53.003,3084812459,97003,BME280,25.37,1007.74,46.01
2026-06-11 18:07:53.203,3084812659,97203,BME280,25.38,1007.79,45.541
2026-06-11 18:07:54.403,3084813859,97403,BME280,25.38,1007.79,45.541
2026-06-11 18:07:54.603,3084814059,97603,BME280,25.38,1007.79,45.541
2026-06-11 18:07:54.803,3084814259,97803,BME280,25.38,1007.79,45.541
2026-06-11 18:07:54.003,3084813459,98003,BME280,25.38,1007.79,45.541
2026-06-11 18:07:54.203,3084813659,98203,BME280,25.37,1007.82,45.344
2026-06-11 18:07:55.403,3084814859,98403,BME280,25.37,1007.82,45.344
2026-06-11 18:07:55.603,3084815059,98603,BME280,25.37,1007.82,45.344
2026-06-11 18:07:55.803,3084815259,98803,BME280,25.37,1007.82,45.344
2026-06-11 18:07:55.003,3084814459,99003,BME280,25.37,1007.82,45.344
2026-06-11 18:07:55.203,3084814659,99203,BME280,25.36,1007.8,45.464
2026-06-11 18:07:56.403,3084815859,99403,BME280,25.36,1007.8,45.464
2026-06-11 18:07:56.603,3084816059,99603,BME280,25.36,1007.8,45.464
2026-06-11 18:07:56.803,3084816259,99803,BME280,25.36,1007.8,45.464
2026-06-11 18:07:56.003,3084815459,100003,BME280,25.36,1007.8,45.464
2026-06-11 18:07:56.203,3084815659,100203,BME280,25.37,1007.84,45.1
2026-06-11 18:07:57.403,3084816859,100403,BME280,25.37,1007.84,45.1
2026-06-11 18:07:57.603,3084817059,100603,BME280,25.37,1007.84,45.1
2026-06-11 18:07:57.803,3084817259,100803,BME280,25.37,1007.84,45.1
2026-06-11 18:07:57.003,3084816459,101003,BME280,25.37,1007.84,45.1
2026-06-11 18:07:57.203,3084816659,101203,BME280,25.37,1007.86,44.98
2026-06-11 18:07:57.203,3084816659,101203,BME280,25.37,1007.86,44.98
2026-06-11 18:08:03.303,3084822759,106302,BME280,25.38,1007.85,45.076
2026-06-11 18:08:03.502,3084822958,106502,BME280,25.38,1007.85,45.076
2026-06-11 18:08:03.702,3084823158,106702,BME280,25.38,1007.85,45.076
2026-06-11 18:08:03.902,3084823358,106902,BME280,25.38,1007.85,45.076
2026-06-11 18:08:03.102,3084822558,107102,BME280,25.38,1007.85,45.076
2026-06-11 18:08:03.102,3084822558,107102,BME280,25.38,1007.85,45.076
2026-06-11 18:08:08.176,3084827632,112176,BME280,25.38,1007.85,45.047
2026-06-11 18:08:09.376,3084828832,112376,BME280,25.38,1007.85,45.047
2026-06-11 18:08:09.576,3084829032,112576,BME280,25.38,1007.85,45.047
2026-06-11 18:08:09.776,3084829232,112776,BME280,25.38,1007.85,45.047
2026-06-11 18:08:09.976,3084829432,112976,BME280,25.38,1007.85,45.047
2026-06-11 18:08:09.976,3084829432,112976,BME280,25.38,1007.85,45.047
2026-06-11 18:08:14.135,3084833591,118134,BME280,25.37,1007.85,45.085
2026-06-11 18:08:15.334,3084834790,118334,BME280,25.37,1007.85,45.085
2026-06-11 18:08:15.534,3084834990,118534,BME280,25.37,1007.85,45.085
2026-06-11 18:08:15.734,3084835190,118734,BME280,25.37,1007.85,45.085
2026-06-11 18:08:15.934,3084835390,118934,BME280,25.37,1007.85,45.085
2026-06-11 18:08:15.134,3084834590,119134,BME280,25.38,1007.86,44.955
2026-06-11 18:08:16.334,3084835790,119334,BME280,25.38,1007.86,44.955
2026-06-11 18:08:16.534,3084835990,119534,BME280,25.38,1007.86,44.955
2026-06-11 18:08:16.734,3084836190,119734,BME280,25.38,1007.86,44.955
2026-06-11 18:08:16.934,3084836390,119934,BME280,25.38,1007.86,44.955
2026-06-11 18:08:16.134,3084835590,120134,BME280,25.37,1007.86,44.998
2026-06-11 18:08:17.334,3084836790,120334,BME280,25.37,1007.86,44.998
2026-06-11 18:08:17.534,3084836990,120534,BME280,25.37,1007.86,44.998
2026-06-11 18:08:17.734,3084837190,120734,BME280,25.37,1007.86,44.998
2026-06-11 18:08:17.934,3084837390,120934,BME280,25.37,1007.86,44.998
2026-06-11 18:08:17.934,3084837390,120934,BME280,25.37,1007.86,44.998
2026-06-11 18:08:22.008,3084841464,126008,BME280,25.38,1007.86,44.98
2026-06-11 18:08:23.280,3084842736,126280,BME280,25.39,1007.87,44.875
2026-06-11 18:08:23.480,3084842936,126480,BME280,25.39,1007.87,44.875
2026-06-11 18:08:23.680,3084843136,126680,BME280,25.39,1007.87,44.875
2026-06-11 18:08:23.880,3084843336,126880,BME280,25.39,1007.87,44.875
2026-06-11 18:08:23.080,3084842536,127080,BME280,25.39,1007.87,44.875
2026-06-11 18:08:24.280,3084843736,127280,BME280,25.38,1007.87,44.854
2026-06-11 18:08:24.480,3084843936,127480,BME280,25.38,1007.87,44.854
2026-06-11 18:08:24.680,3084844136,127680,BME280,25.38,1007.87,44.854
2026-06-11 18:08:24.880,3084844336,127880,BME280,25.38,1007.87,44.854
2026-06-11 18:08:24.880,3084844336,127880,BME280,25.38,1007.87,44.854
2026-06-11 18:08:34.925,3084854381,137925,BME280,25.39,1007.86,44.961
2026-06-11 18:08:34.125,3084853581,138125,BME280,25.39,1007.85,45.076
2026-06-11 18:08:35.325,3084854781,138325,BME280,25.39,1007.85,45.076
2026-06-11 18:08:35.525,3084854981,138525,BME280,25.39,1007.85,45.076
2026-06-11 18:08:35.725,3084855181,138725,BME280,25.39,1007.85,45.076
2026-06-11 18:08:35.725,3084855181,138725,BME280,25.39,1007.85,45.076
2026-06-11 18:08:40.878,3084860334,143878,BME280,25.39,1007.89,44.701
2026-06-11 18:08:40.078,3084859534,144078,BME280,25.38,1007.86,44.98
2026-06-11 18:08:41.278,3084860734,144278,BME280,25.38,1007.86,44.98
2026-06-11 18:08:41.478,3084860934,144478,BME280,25.38,1007.86,44.98
2026-06-11 18:08:41.678,3084861134,144678,BME280,25.38,1007.86,44.98
2026-06-11 18:08:41.878,3084861334,144878,BME280,25.38,1007.86,44.98
2026-06-11 18:08:41.078,3084860534,145078,BME280,25.39,1007.89,44.691
2026-06-11 18:08:42.278,3084861734,145278,BME280,25.39,1007.89,44.691
2026-06-11 18:08:42.478,3084861934,145478,BME280,25.39,1007.89,44.691
2026-06-11 18:08:42.678,3084862134,145678,BME280,25.39,1007.89,44.691
2026-06-11 18:08:42.878,3084862334,145878,BME280,25.39,1007.89,44.691
2026-06-11 18:08:42.078,3084861534,146078,BME280,25.39,1007.86,45.008
2026-06-11 18:08:43.278,3084862734,146278,BME280,25.39,1007.86,45.008
2026-06-11 18:08:43.478,3084862934,146478,BME280,25.39,1007.86,45.008
2026-06-11 18:08:43.678,3084863134,146678,BME280,25.39,1007.86,45.008
2026-06-11 18:08:43.878,3084863334,146878,BME280,25.39,1007.86,45.008
2026-06-11 18:08:43.078,3084862534,147078,BME280,25.39,1007.79,45.564
2026-06-11 18:08:44.278,3084863734,147278,BME280,25.39,1007.79,45.564
2026-06-11 18:08:44.278,3084863734,147278,BME280,25.39,1007.79,45.564
2026-06-11 18:08:49.563,3084869019,152563,BME280,25.38,1007.85,45.027
2026-06-11 18:08:49.763,3084869219,152763,BME280,25.38,1007.85,45.027
2026-06-11 18:08:49.963,3084869419,152963,BME280,25.38,1007.85,45.027
2026-06-11 18:08:49.163,3084868619,153163,BME280,25.39,1007.91,44.591
2026-06-11 18:08:50.363,3084869819,153363,BME280,25.39,1007.91,44.591
2026-06-11 18:08:50.563,3084870019,153563,BME280,25.39,1007.91,44.591
2026-06-11 18:08:50.763,3084870219,153763,BME280,25.39,1007.91,44.591
2026-06-11 18:08:50.963,3084870419,153963,BME280,25.39,1007.91,44.591
2026-06-11 18:08:50.163,3084869619,154163,BME280,25.4,1007.87,44.87
2026-06-11 18:08:51.363,3084870819,154363,BME280,25.4,1007.87,44.87
2026-06-11 18:08:51.563,3084871019,154563,BME280,25.4,1007.87,44.87
2026-06-11 18:08:51.763,3084871219,154763,BME280,25.4,1007.87,44.87
2026-06-11 18:08:51.963,3084871419,154963,BME280,25.4,1007.87,44.87
2026-06-11 18:08:51.163,3084870619,155163,BME280,25.4,1007.88,44.84
2026-06-11 18:08:52.363,3084871819,155363,BME280,25.4,1007.88,44.84
2026-06-11 18:08:52.563,3084872019,155563,BME280,25.4,1007.88,44.84
2026-06-11 18:08:52.763,3084872219,155763,BME280,25.4,1007.88,44.84
2026-06-11 18:08:52.963,3084872419,155963,BME280,25.4,1007.88,44.84
2026-06-11 18:08:52.163,3084871619,156163,BME280,25.4,1007.79,45.559
2026-06-11 18:08:53.363,3084872819,156363,BME280,25.4,1007.79,45.559
2026-06-11 18:08:53.563,3084873019,156563,BME280,25.4,1007.79,45.559
2026-06-11 18:08:53.763,3084873219,156763,BME280,25.4,1007.79,45.559
2026-06-11 18:08:53.963,3084873419,156963,BME280,25.4,1007.79,45.559
2026-06-11 18:08:53.163,3084872619,157163,BME280,25.39,1007.88,44.792
2026-06-11 18:08:54.363,3084873819,157363,BME280,25.39,1007.88,44.792
2026-06-11 18:08:54.563,3084874019,157563,BME280,25.39,1007.88,44.792
2026-06-11 18:08:54.763,3084874219,157763,BME280,25.39,1007.88,44.792
2026-06-11 18:08:54.963,3084874419,157963,BME280,25.39,1007.88,44.792
2026-06-11 18:08:54.163,3084873619,158163,BME280,25.39,1007.88,44.773
2026-06-11 18:08:55.363,3084874819,158363,BME280,25.39,1007.88,44.773
2026-06-11 18:08:55.563,3084875019,158563,BME280,25.39,1007.88,44.773
2026-06-11 18:08:55.763,3084875219,158763,BME280,25.39,1007.88,44.773
2026-06-11 18:08:55.963,3084875419,158963,BME280,25.39,1007.88,44.773
2026-06-11 18:08:55.163,3084874619,159163,BME280,25.4,1007.86,44.998
2026-06-11 18:08:56.363,3084875819,159363,BME280,25.4,1007.86,44.998
2026-06-11 18:08:56.563,3084876019,159563,BME280,25.4,1007.86,44.998
2026-06-11 18:08:56.763,3084876219,159763,BME280,25.4,1007.86,44.998
2026-06-11 18:08:56.963,3084876419,159963,BME280,25.4,1007.86,44.998
2026-06-11 18:08:56.163,3084875619,160163,BME280,25.4,1007.88,44.769
2026-06-11 18:08:57.363,3084876819,160363,BME280,25.4,1007.88,44.769
2026-06-11 18:08:57.563,3084877019,160563,BME280,25.4,1007.88,44.769
2026-06-11 18:08:57.763,3084877219,160763,BME280,25.4,1007.88,44.769
2026-06-11 18:08:57.963,3084877419,160963,BME280,25.4,1007.88,44.769
2026-06-11 18:08:57.163,3084876619,161163,BME280,25.39,1007.85,45.041
2026-06-11 18:08:58.363,3084877819,161363,BME280,25.39,1007.85,45.041
2026-06-11 18:08:58.563,3084878019,161563,BME280,25.39,1007.85,45.041
2026-06-11 18:08:58.763,3084878219,161763,BME280,25.39,1007.85,45.041
2026-06-11 18:08:58.963,3084878419,161963,BME280,25.39,1007.85,45.041
2026-06-11 18:08:58.163,3084877619,162163,BME280,25.4,1007.87,44.849
2026-06-11 18:08:59.363,3084878819,162363,BME280,25.4,1007.87,44.849
2026-06-11 18:08:59.563,3084879019,162563,BME280,25.4,1007.87,44.849
2026-06-11 18:08:59.763,3084879219,162763,BME280,25.4,1007.87,44.849
2026-06-11 18:08:59.963,3084879419,162963,BME280,25.4,1007.87,44.849
2026-06-11 18:08:59.163,3084878619,163163,BME280,25.39,1007.89,44.73
2026-06-11 18:09:00.363,3084879819,163363,BME280,25.39,1007.89,44.73
2026-06-11 18:09:00.563,3084880019,163563,BME280,25.39,1007.89,44.73
2026-06-11 18:09:00.763,3084880219,163763,BME280,25.39,1007.89,44.73
2026-06-11 18:09:00.963,3084880419,163963,BME280,25.39,1007.89,44.73
2026-06-11 18:09:00.163,3084879619,164163,BME280,25.4,1007.89,44.701
2026-06-11 18:09:01.363,3084880819,164363,BME280,25.4,1007.89,44.701
2026-06-11 18:09:01.563,3084881019,164563,BME280,25.4,1007.89,44.701
2026-06-11 18:09:01.763,3084881219,164763,BME280,25.4,1007.89,44.701
2026-06-11 18:09:01.963,3084881419,164963,BME280,25.4,1007.89,44.701
2026-06-11 18:09:01.163,3084880619,165163,BME280,25.4,1007.88,44.826
2026-06-11 18:09:02.363,3084881819,165363,BME280,25.4,1007.88,44.826
2026-06-11 18:09:02.563,3084882019,165563,BME280,25.4,1007.88,44.826
2026-06-11 18:09:02.763,3084882219,165763,BME280,25.4,1007.88,44.826
2026-06-11 18:09:02.963,3084882419,165963,BME280,25.4,1007.88,44.826
2026-06-11 18:09:02.163,3084881619,166163,BME280,25.4,1007.9,44.634
2026-06-11 18:09:03.363,3084882819,166363,BME280,25.4,1007.9,44.634
2026-06-11 18:09:03.563,3084883019,166563,BME280,25.4,1007.9,44.634
2026-06-11 18:09:03.763,3084883219,166763,BME280,25.4,1007.9,44.634
2026-06-11 18:09:03.963,3084883419,166963,BME280,25.4,1007.9,44.634
2026-06-11 18:09:03.163,3084882619,167163,BME280,25.4,1007.78,45.674
2026-06-11 18:09:04.363,3084883819,167363,BME280,25.4,1007.78,45.674
2026-06-11 18:09:04.563,3084884019,167563,BME280,25.4,1007.78,45.674
2026-06-11 18:09:04.763,3084884219,167763,BME280,25.4,1007.78,45.674
2026-06-11 18:09:04.963,3084884419,167963,BME280,25.4,1007.78,45.674
2026-06-11 18:09:04.163,3084883619,168163,BME280,25.4,1007.88,44.797
2026-06-11 18:09:05.363,3084884819,168363,BME280,25.4,1007.88,44.797
2026-06-11 18:09:05.563,3084885019,168563,BME280,25.4,1007.88,44.797
2026-06-11 18:09:05.763,3084885219,168763,BME280,25.4,1007.88,44.797
2026-06-11 18:09:05.963,3084885419,168963,BME280,25.4,1007.88,44.797
2026-06-11 18:09:05.163,3084884619,169163,BME280,25.4,1007.89,44.735
2026-06-11 18:09:06.363,3084885819,169363,BME280,25.4,1007.89,44.735
2026-06-11 18:09:06.563,3084886019,169563,BME280,25.4,1007.89,44.735
2026-06-11 18:09:06.763,3084886219,169763,BME280,25.4,1007.89,44.735
2026-06-11 18:09:06.963,3084886419,169963,BME280,25.4,1007.89,44.735
2026-06-11 18:09:06.163,3084885619,170163,BME280,25.4,1007.88,44.806
2026-06-11 18:09:07.363,3084886819,170363,BME280,25.4,1007.88,44.806
2026-06-11 18:09:07.563,3084887019,170563,BME280,25.4,1007.88,44.806
2026-06-11 18:09:07.763,3084887219,170763,BME280,25.4,1007.88,44.806
2026-06-11 18:09:07.963,3084887419,170963,BME280,25.4,1007.88,44.806
2026-06-11 18:09:07.163,3084886619,171163,BME280,25.4,1007.87,44.898
2026-06-11 18:09:08.363,3084887819,171363,BME280,25.4,1007.87,44.898
2026-06-11 18:09:08.563,3084888019,171563,BME280,25.4,1007.87,44.898
2026-06-11 18:09:08.763,3084888219,171763,BME280,25.4,1007.87,44.898
2026-06-11 18:09:08.963,3084888419,171963,BME280,25.4,1007.87,44.898
2026-06-11 18:09:08.163,3084887619,172163,BME280,25.4,1007.88,44.802
2026-06-11 18:09:09.363,3084888819,172363,BME280,25.4,1007.88,44.802
2026-06-11 18:09:09.563,3084889019,172563,BME280,25.4,1007.88,44.802
2026-06-11 18:09:09.763,3084889219,172763,BME280,25.4,1007.88,44.802
2026-06-11 18:09:09.963,3084889419,172963,BME280,25.4,1007.88,44.802
2026-06-11 18:09:09.163,3084888619,173163,BME280,25.4,1007.88,44.788
2026-06-11 18:09:10.363,3084889819,173363,BME280,25.4,1007.88,44.788
2026-06-11 18:09:10.563,3084890019,173563,BME280,25.4,1007.88,44.788
2026-06-11 18:09:10.763,3084890219,173763,BME280,25.4,1007.88,44.788
2026-06-11 18:09:10.963,3084890419,173963,BME280,25.4,1007.88,44.788
2026-06-11 18:09:10.163,3084889619,174163,BME280,25.39,1007.87,44.902
2026-06-11 18:09:11.363,3084890819,174363,BME280,25.39,1007.87,44.902
2026-06-11 18:09:11.563,3084891019,174563,BME280,25.39,1007.87,44.902
2026-06-11 18:09:11.763,3084891219,174763,BME280,25.39,1007.87,44.902
2026-06-11 18:09:11.963,3084891419,174963,BME280,25.39,1007.87,44.902
2026-06-11 18:09:11.163,3084890619,175163,BME280,25.41,1007.77,45.698
2026-06-11 18:09:12.363,3084891819,175363,BME280,25.41,1007.77,45.698
2026-06-11 18:09:12.563,3084892019,175563,BME280,25.41,1007.77,45.698
2026-06-11 18:09:12.763,3084892219,175763,BME280,25.41,1007.77,45.698
2026-06-11 18:09:12.963,3084892419,175963,BME280,25.41,1007.77,45.698
2026-06-11 18:09:12.163,3084891619,176163,BME280,25.4,1007.84,45.123
2026-06-11 18:09:13.363,3084892819,176363,BME280,25.4,1007.84,45.123
2026-06-11 18:09:13.563,3084893019,176563,BME280,25.4,1007.84,45.123
2026-06-11 18:09:13.763,3084893219,176763,BME280,25.4,1007.84,45.123
2026-06-11 18:09:13.963,3084893419,176963,BME280,25.4,1007.84,45.123
2026-06-11 18:09:13.163,3084892619,177163,BME280,25.41,1007.9,44.644
2026-06-11 18:09:14.363,3084893819,177363,BME280,25.41,1007.9,44.644
2026-06-11 18:09:14.563,3084894019,177563,BME280,25.41,1007.9,44.644
2026-06-11 18:09:14.763,3084894219,177763,BME280,25.41,1007.9,44.644
2026-06-11 18:09:14.963,3084894419,177963,BME280,25.41,1007.9,44.644
2026-06-11 18:09:14.163,3084893619,178163,BME280,25.4,1007.87,44.878
2026-06-11 18:09:15.363,3084894819,178363,BME280,25.4,1007.87,44.878
2026-06-11 18:09:15.563,3084895019,178563,BME280,25.4,1007.87,44.878
2026-06-11 18:09:15.763,3084895219,178763,BME280,25.4,1007.87,44.878
2026-06-11 18:09:15.963,3084895419,178963,BME280,25.4,1007.87,44.878
2026-06-11 18:09:15.163,3084894619,179163,BME280,25.41,1007.89,44.7
2026-06-11 18:09:16.363,3084895819,179363,BME280,25.41,1007.89,44.7
2026-06-11 18:09:16.563,3084896019,179563,BME280,25.41,1007.89,44.7
2026-06-11 18:09:16.763,3084896219,179763,BME280,25.41,1007.89,44.7
2026-06-11 18:09:16.963,3084896419,179963,BME280,25.41,1007.89,44.7
2026-06-11 18:09:16.163,3084895619,180163,BME280,25.4,1007.89,44.74
2026-06-11 18:09:17.363,3084896819,180363,BME280,25.4,1007.89,44.74
2026-06-11 18:09:17.563,3084897019,180563,BME280,25.4,1007.89,44.74
2026-06-11 18:09:17.763,3084897219,180763,BME280,25.4,1007.89,44.74
2026-06-11 18:09:17.963,3084897419,180963,BME280,25.4,1007.89,44.74
2026-06-11 18:09:17.963,3084897419,180963,BME280,25.4,1007.89,44.74
2026-06-11 18:09:22.121,3084901577,186121,BME280,25.4,1007.87,44.87
2026-06-11 18:09:23.321,3084902777,186321,BME280,25.4,1007.87,44.87
2026-06-11 18:09:23.521,3084902977,186521,BME280,25.4,1007.87,44.87
2026-06-11 18:09:23.721,3084903177,186721,BME280,25.4,1007.87,44.87
2026-06-11 18:09:23.721,3084903177,186721,BME280,25.4,1007.87,44.87
2026-06-11 18:09:28.889,3084908345,191889,BME280,25.4,1007.89,44.697
