datetime,epoch_ms,ts_millis,mpu_id,ax,ay,az,gx,gy,gz
2026-06-14T22:31:15.949209,,,,,,,,,
2026-06-14 22:31:16.565,3359816021,5565,1,0.78174,-0.05786,0.71436,-48.679,4.504,-19.504
2026-06-14 22:31:16.565,3359816021,5565,2,1.04199,0.03833,-0.24731,-52.176,11.458,-3.29
2026-06-14 22:31:17.879,3359817335,5879,1,0.86987,-0.15698,0.59351,-60.313,15.153,-55.366
2026-06-14 22:31:17.879,3359817335,5879,2,0.96802,-0.08984,-0.34546,-76.42,8.229,2.45
2026-06-14 22:31:17.079,3359816535,6079,1,0.8501,-0.10693,0.6001,-22.794,11.344,-24.931
2026-06-14 22:31:17.079,3359816535,6079,2,0.8623,0.03198,-0.38135,-19.305,-11.534,8.168
2026-06-14 22:31:17.279,3359816735,6279,1,0.74854,-0.30249,0.66626,-50.573,53.878,-3.565
2026-06-14 22:31:17.279,3359816735,6279,2,1.20508,0.02222,0.03809,47.481,24.634,-38.893
2026-06-14 22:31:26.571,3359826027,14571,1,0.88379,0.02734,0.60938,17.023,-3.924,5.634
2026-06-14 22:31:26.571,3359826027,14571,2,0.99341,-0.03418,-0.27222,-17.756,-10.046,13.794
2026-06-14 22:31:28.807,3359828263,16807,1,0.87012,-0.00146,0.60156,15.206,10.168,9.26
2026-06-14 22:31:28.807,3359828263,16807,2,1.02319,-0.01196,-0.18262,-53.183,-20.107,12.634
2026-06-14 22:31:30.974,3359830430,18974,1,0.90503,-0.00391,0.57764,4.992,1.42,2.061
2026-06-14 22:31:30.974,3359830430,18974,2,0.97925,-0.01489,-0.31372,2.733,1.55,-0.893
2026-06-14 22:31:32.078,3359831534,21078,1,-0.27515,-0.02515,1.04272,-0.534,-1.328,-3.504
2026-06-14 22:31:32.078,3359831534,21078,2,0.54321,0.0498,0.98657,1.359,3.634,-0.366
2026-06-14 22:31:34.290,3359833746,23289,1,-0.33179,-0.05078,0.99121,-0.641,1.221,0.084
2026-06-14 22:31:34.290,3359833746,23289,2,0.5127,0.03418,0.99902,-0.664,0.603,-0.924
2026-06-14 22:31:36.421,3359835877,25421,1,0.9541,0.01099,0.51001,8.908,-1.122,-16.053
2026-06-14 22:31:36.421,3359835877,25421,2,0.77734,0.01221,-0.61426,-10.298,-7.824,1.847
2026-06-14 22:31:39.660,3359839116,27659,1,1.03271,-0.00171,0.53638,43.466,-4.282,10.115
2026-06-14 22:31:39.660,3359839116,27659,2,0.65894,0.073,-0.69946,0.435,-4.046,-1.328
2026-06-14 22:31:41.848,3359841304,29848,1,0.99292,0.06812,0.43677,-1.565,3.168,2.282
2026-06-14 22:31:41.848,3359841304,29848,2,0.68555,0.01782,-0.68701,11.305,9.053,6.405
2026-06-14 22:31:43.961,3359843417,31961,1,0.90112,-0.01074,0.57471,3.641,2.511,2.321
2026-06-14 22:31:43.961,3359843417,31961,2,0.89844,-0.00562,-0.47192,0.076,1.267,-1.786
2026-06-14 22:31:45.116,3359844572,34116,1,0.91162,0.01367,0.55737,-3.855,4.206,-2.885
2026-06-14 22:31:45.116,3359844572,34116,2,0.88086,-0.03589,-0.46924,-5.13,2.206,5.023
2026-06-14 22:31:47.228,3359846684,36228,1,0.91382,0.00684,0.55127,0.405,1.45,0.137
2026-06-14 22:31:47.228,3359846684,36228,2,0.86987,-0.01367,-0.50708,0.618,0.137,-0.947
2026-06-14 22:31:49.365,3359848821,38365,1,0.92065,-0.00684,0.53833,-3.473,1.84,-1.031
2026-06-14 22:31:49.365,3359848821,38365,2,0.87915,-0.03979,-0.4873,-0.664,1.603,0.878
2026-06-14 22:31:51.498,3359850954,40498,1,0.92603,-0.01172,0.61816,27.924,9.489,17.206
2026-06-14 22:31:51.498,3359850954,40498,2,0.70654,-0.10815,-1.31177,151.985,250.13,47.481
2026-06-14 22:31:52.698,3359852154,40698,1,0.99292,-0.03857,0.44922,24.718,-13.366,33.046
2026-06-14 22:31:52.698,3359852154,40698,2,1.00439,-0.15186,-0.30273,-29.504,-18.099,8.702
2026-06-14 22:31:52.898,3359852354,40898,1,0.95898,-0.02832,0.46826,-2.458,5.214,-0.427
2026-06-14 22:31:52.898,3359852354,40898,2,0.96973,-0.1062,-0.26465,4.679,-15.588,-14.153
2026-06-14 22:31:52.098,3359851554,41098,1,0.94434,-0.01294,0.48804,4.0,-2.489,2.069
2026-06-14 22:31:52.098,3359851554,41098,2,0.948,-0.09106,-0.38159,9.397,10.305,-4.504
2026-06-14 22:31:52.298,3359851754,41298,1,0.94629,-0.04077,0.47754,-7.58,-3.908,-3.58
2026-06-14 22:31:52.298,3359851754,41298,2,0.95288,-0.09229,-0.36206,-9.076,-6.58,2.771
2026-06-14 22:31:52.498,3359851954,41498,1,0.96216,-0.03979,0.46191,-7.092,-1.206,-1.916
2026-06-14 22:31:52.498,3359851954,41498,2,0.89185,-0.10059,-0.37695,-4.267,-35.718,16.038
2026-06-14 22:31:53.762,3359853218,41762,1,0.95679,-0.021,0.41406,-3.901,-0.092,-10.26
2026-06-14 22:31:53.762,3359853218,41762,2,0.95605,-0.14429,-0.45801,-21.947,-4.74,12.328
2026-06-14 22:31:53.962,3359853418,41962,1,0.98999,-0.00879,0.4209,1.908,7.588,-3.557
2026-06-14 22:31:53.962,3359853418,41962,2,0.96802,-0.03467,-0.47827,-4.832,41.817,-17.252
2026-06-14 22:31:53.162,3359852618,42162,1,0.93286,-0.05298,0.50293,2.29,17.901,-0.519
2026-06-14 22:31:53.162,3359852618,42162,2,0.93921,-0.06421,-0.23047,-15.618,63.55,15.214
2026-06-14 22:31:53.362,3359852818,42362,1,0.94458,-0.01318,0.32178,47.763,-28.947,9.214
2026-06-14 22:31:53.362,3359852818,42362,2,1.05713,-0.07397,-0.0896,0.496,16.076,-4.405
2026-06-14 22:31:53.562,3359853018,42562,1,0.92407,0.02588,0.55591,-4.87,-5.832,-3.313
2026-06-14 22:31:53.562,3359853018,42562,2,1.04321,-0.05493,-0.00586,3.145,18.977,-3.939
2026-06-14 22:31:54.772,3359854228,42771,1,0.95264,-0.00391,0.49438,-8.557,10.374,-3.198
2026-06-14 22:31:54.772,3359854228,42771,2,1.05322,-0.10352,0.00781,34.107,-9.305,-1.817
2026-06-14 22:31:54.971,3359854427,42971,1,0.91943,-0.00757,0.51758,-7.977,16.046,-5.122
2026-06-14 22:31:54.971,3359854427,42971,2,1.08667,-0.10864,-0.04102,4.802,3.244,-0.389
2026-06-14 22:31:54.171,3359853627,43171,1,0.91089,0.0127,0.55029,16.344,11.366,5.45
2026-06-14 22:31:54.171,3359853627,43171,2,1.03247,-0.05688,-0.03687,14.443,-18.084,-0.015
2026-06-14 22:31:54.371,3359853827,43371,1,0.90869,-0.13306,0.63818,30.511,62.26,46.679
2026-06-14 22:31:54.371,3359853827,43371,2,1.17944,-0.34668,0.03125,11.603,22.29,-5.305
2026-06-14 22:31:55.571,3359855027,43571,1,0.89551,0.02222,0.56787,-2.466,-74.786,13.015
2026-06-14 22:31:55.571,3359855027,43571,2,1.03296,-0.0896,-0.0354,-25.733,12.481,-4.611
2026-06-14 22:31:55.771,3359855227,43771,1,0.98828,0.02075,0.47388,-1.191,19.504,-14.557
2026-06-14 22:31:55.771,3359855227,43771,2,1.01074,-0.09717,0.00562,18.351,3.015,2.557
2026-06-14 22:31:55.971,3359855427,43971,1,0.90918,0.12378,0.40796,-13.748,34.794,-22.519
2026-06-14 22:31:55.971,3359855427,43971,2,0.98975,-0.10034,0.05249,3.954,1.634,2.191
2026-06-14 22:31:55.171,3359854627,44171,1,0.92969,0.04297,0.6687,0.359,72.725,4.168
2026-06-14 22:31:55.171,3359854627,44171,2,1.06592,-0.0708,0.03369,-0.901,11.008,-5.046
2026-06-14 22:31:55.371,3359854827,44371,1,0.854,0.04175,0.67603,-8.282,-1.099,2.282
2026-06-14 22:31:55.371,3359854827,44371,2,0.98389,-0.08154,0.01172,-12.389,5.603,4.168
2026-06-14 22:31:56.571,3359856027,44571,1,0.82642,0.05029,0.66284,-1.87,-4.84,1.183
2026-06-14 22:31:56.571,3359856027,44571,2,1.07373,-0.04272,0.0415,-8.405,8.924,-12.13
2026-06-14 22:31:56.771,3359856227,44771,1,0.85107,0.01343,0.64331,-11.618,3.542,0.252
2026-06-14 22:31:56.771,3359856227,44771,2,1.01929,-0.02832,0.00928,5.725,0.847,2.29
2026-06-14 22:31:56.971,3359856427,44971,1,0.83643,-0.00903,0.67554,-31.641,15.176,-15.718
2026-06-14 22:31:56.971,3359856427,44971,2,1.06396,-0.06689,0.03003,3.153,-0.832,-0.618
2026-06-14 22:31:56.195,3359855651,45195,1,0.79346,0.00928,0.71948,19.466,-5.298,3.931
2026-06-14 22:31:56.195,3359855651,45195,2,1.07959,-0.05396,-0.00342,35.832,19.855,1.176
2026-06-14 22:31:56.395,3359855851,45395,1,0.85205,0.01367,0.61914,-19.794,-11.679,-7.053
2026-06-14 22:31:56.395,3359855851,45395,2,1.08667,-0.04224,-0.05615,-1.206,7.504,-3.756
2026-06-14 22:31:57.595,3359857051,45595,1,0.80713,-0.01001,0.68213,-32.099,7.26,-24.282
2026-06-14 22:31:57.595,3359857051,45595,2,1.12036,-0.06763,-0.06421,-5.473,3.42,-8.366
2026-06-14 22:31:57.863,3359857319,45863,1,0.85229,0.02222,0.66333,-39.084,12.137,-18.985
2026-06-14 22:31:57.863,3359857319,45863,2,1.0437,-0.04883,-0.04346,-7.374,-4.916,-6.0
2026-06-14 22:31:57.063,3359856519,46063,1,0.83325,-0.01929,0.64624,2.412,-8.191,3.786
2026-06-14 22:31:57.063,3359856519,46063,2,1.05493,-0.04663,-0.0166,-11.588,-6.466,-5.099
2026-06-14 22:31:57.263,3359856719,46263,1,0.83618,-0.05078,0.6416,-9.756,-11.565,-14.733
2026-06-14 22:31:57.263,3359856719,46263,2,1.09497,-0.03174,-0.17041,9.443,-18.511,-6.107
2026-06-14 22:31:57.500,3359856956,46500,1,0.89648,0.02197,0.61987,31.641,-2.832,30.42
2026-06-14 22:31:57.500,3359856956,46500,2,1.06372,0.05225,-0.12451,-35.557,-65.191,0.695
2026-06-14 22:31:58.700,3359858156,46700,1,0.89331,0.00293,0.59741,-22.221,19.252,-8.718
2026-06-14 22:31:58.700,3359858156,46700,2,0.9397,-0.0271,-0.4187,-12.947,-10.824,-0.954
2026-06-14 22:31:58.900,3359858356,46900,1,0.94287,-0.01074,0.55518,11.725,3.817,-0.328
2026-06-14 22:31:58.900,3359858356,46900,2,0.94482,-0.0127,-0.38721,1.542,1.573,10.779
2026-06-14 22:31:58.102,3359857558,47102,1,0.8772,-0.01392,0.60474,-10.214,12.0,-7.588
2026-06-14 22:31:58.102,3359857558,47102,2,0.94556,-0.06934,-0.41138,-12.099,3.672,9.565
2026-06-14 22:31:58.302,3359857758,47302,1,0.90088,-0.01416,0.57788,-23.939,9.313,-11.748
2026-06-14 22:31:58.302,3359857758,47302,2,0.93896,-0.06299,-0.40186,-8.359,7.023,7.878
2026-06-14 22:31:58.502,3359857958,47502,1,0.8689,-0.02295,0.58789,-4.221,0.939,-4.489
2026-06-14 22:31:58.502,3359857958,47502,2,0.95142,-0.03809,-0.3938,4.145,0.725,3.58
2026-06-14 22:31:59.702,3359859158,47702,1,0.86304,-0.0647,0.59082,-0.107,-3.053,3.847
2026-06-14 22:31:59.702,3359859158,47702,2,0.94458,-0.04956,-0.34937,11.664,3.985,-10.74
2026-06-14 22:31:59.902,3359859358,47902,1,0.89038,-0.0271,0.59302,32.298,-3.641,9.603
2026-06-14 22:31:59.902,3359859358,47902,2,0.94238,-0.05835,-0.37378,35.939,1.916,-22.893
2026-06-14 22:31:59.102,3359858558,48102,1,0.9209,0.05054,0.55273,14.824,-4.695,10.802
2026-06-14 22:31:59.102,3359858558,48102,2,0.93652,-0.00586,-0.42627,8.954,-7.214,3.137
2026-06-14 22:31:59.302,3359858758,48302,1,0.94971,0.02148,0.52002,-35.405,3.924,-23.107
2026-06-14 22:31:59.302,3359858758,48302,2,0.91724,-0.08423,-0.43872,-14.046,3.74,20.122
2026-06-14 22:31:59.502,3359858958,48502,1,0.90918,0.03735,0.59277,-11.626,12.618,-9.557
2026-06-14 22:31:59.502,3359858958,48502,2,0.92847,-0.08081,-0.37988,-13.962,9.008,9.817
2026-06-14 22:32:00.702,3359860158,48702,1,0.88257,-0.01831,0.59424,-14.29,2.183,-4.756
2026-06-14 22:32:00.702,3359860158,48702,2,0.92554,-0.09302,-0.34229,8.221,2.305,-6.321
2026-06-14 22:32:00.902,3359860358,48902,1,0.90308,0.01831,0.56689,4.504,-0.718,0.748
2026-06-14 22:32:00.902,3359860358,48902,2,0.93652,-0.09131,-0.38208,7.939,-3.397,-10.473
2026-06-14 22:32:00.102,3359859558,49102,1,0.90796,0.05396,0.56641,21.977,-3.672,11.443
2026-06-14 22:32:00.102,3359859558,49102,2,0.93408,-0.07056,-0.39233,15.038,-0.519,-8.718
2026-06-14 22:32:00.302,3359859758,49302,1,0.91846,0.04126,0.54321,-8.618,3.962,-4.321
2026-06-14 22:32:00.302,3359859758,49302,2,0.93945,-0.07129,-0.41431,-4.496,-1.427,2.748
2026-06-14 22:32:00.535,3359859991,49535,1,0.91968,0.01636,0.55811,-23.023,6.939,-8.618
2026-06-14 22:32:00.535,3359859991,49535,2,0.95898,-0.11377,-0.35254,-1.664,10.504,-3.786
2026-06-14 22:32:01.754,3359861210,49754,1,0.87109,0.00122,0.60498,12.405,1.389,7.878
2026-06-14 22:32:01.754,3359861210,49754,2,0.94873,-0.0918,-0.33789,13.214,6.863,-5.878
2026-06-14 22:32:01.954,3359861410,49954,1,0.89502,0.01782,0.55054,-4.435,1.878,-2.053
2026-06-14 22:32:01.954,3359861410,49954,2,0.93872,-0.05786,-0.37646,16.221,1.771,-8.542
2026-06-14 22:32:01.171,3359860627,50171,1,0.96216,-0.03174,0.47437,-114.168,32.305,-0.206
2026-06-14 22:32:01.171,3359860627,50171,2,1.02759,-0.10742,-0.4375,11.977,-17.214,-7.053
2026-06-14 22:32:01.374,3359860830,50374,1,0.95801,0.09497,0.51489,-22.267,-11.634,-22.916
2026-06-14 22:32:01.374,3359860830,50374,2,0.91699,-0.13892,-0.3833,-13.87,-4.557,14.107
2026-06-14 22:32:02.574,3359862030,50574,1,0.9209,0.09399,0.55151,-5.389,8.115,1.969
2026-06-14 22:32:02.574,3359862030,50574,2,0.92358,-0.11157,-0.39893,-4.641,6.145,10.359
2026-06-14 22:32:02.774,3359862230,50774,1,0.90186,0.01563,0.54346,-8.466,6.382,-4.557
2026-06-14 22:32:02.774,3359862230,50774,2,0.90942,-0.13013,-0.39844,-5.901,-2.916,-6.176
2026-06-14 22:32:02.974,3359862430,50974,1,0.9209,0.07422,0.55273,8.26,-7.832,-1.779
2026-06-14 22:32:02.974,3359862430,50974,2,1.00586,-0.06616,-0.25903,69.031,-21.634,-3.733
2026-06-14 22:32:02.174,3359861630,51174,1,0.91504,0.12378,0.54126,-2.351,9.328,1.573
2026-06-14 22:32:02.174,3359861630,51174,2,0.92676,-0.073,-0.42456,-4.557,3.092,3.183
2026-06-14 22:32:02.374,3359861830,51374,1,0.91431,0.02466,0.54395,-0.344,11.122,8.115
2026-06-14 22:32:02.374,3359861830,51374,2,0.96313,-0.12256,-0.32544,24.878,12.626,-14.397
2026-06-14 22:32:03.585,3359863041,51585,1,0.90405,0.09204,0.57104,20.397,4.511,16.336
2026-06-14 22:32:03.585,3359863041,51585,2,0.93994,-0.08496,-0.36377,8.901,2.237,2.718
2026-06-14 22:32:03.785,3359863241,51785,1,0.89478,0.04077,0.58008,-1.947,5.046,2.13
2026-06-14 22:32:03.785,3359863241,51785,2,0.92847,-0.10693,-0.36572,-5.137,0.015,4.015
2026-06-14 22:32:03.985,3359863441,51985,1,0.88354,0.01538,0.58057,-12.076,0.313,-2.573
2026-06-14 22:32:03.985,3359863441,51985,2,0.95557,-0.10938,-0.36816,-12.519,0.588,12.099
2026-06-14 22:32:03.238,3359862694,52238,1,0.89575,0.04199,0.58008,-19.641,-3.023,-9.008
2026-06-14 22:32:03.238,3359862694,52238,2,0.92969,-0.11548,-0.39941,-20.542,0.031,12.84
2026-06-14 22:32:03.438,3359862894,52438,1,0.92993,-0.00366,0.55249,-16.107,-1.588,-5.618
2026-06-14 22:32:03.438,3359862894,52438,2,0.94043,-0.146,-0.39771,-7.481,1.573,2.16
2026-06-14 22:32:04.638,3359864094,52638,1,0.91577,-0.01196,0.56421,10.817,0.092,10.176
2026-06-14 22:32:04.638,3359864094,52638,2,0.9248,-0.12354,-0.38818,15.038,-2.763,-6.611
2026-06-14 22:32:04.852,3359864308,52852,1,0.92285,-0.00342,0.53149,10.366,-1.794,4.145
2026-06-14 22:32:04.852,3359864308,52852,2,0.93335,-0.11426,-0.40063,6.359,0.206,-4.16
2026-06-14 22:32:04.052,3359863508,53052,1,0.9314,0.0105,0.51733,-2.061,-0.053,-3.634
2026-06-14 22:32:04.052,3359863508,53052,2,0.92896,-0.13037,-0.40723,-0.931,0.336,1.573
2026-06-14 22:32:04.252,3359863708,53252,1,0.92822,-0.00244,0.52319,-1.252,4.855,0.221
2026-06-14 22:32:04.252,3359863708,53252,2,0.92358,-0.13916,-0.41333,0.435,2.099,0.198
2026-06-14 22:32:04.452,3359863908,53452,1,0.93359,-0.00122,0.53149,0.557,5.405,1.183
2026-06-14 22:32:04.452,3359863908,53452,2,0.92236,-0.13428,-0.39404,1.893,3.962,-0.221
2026-06-14 22:32:05.652,3359865108,53652,1,0.91577,-0.00293,0.54175,1.824,5.435,1.405
2026-06-14 22:32:05.652,3359865108,53652,2,0.927,-0.13574,-0.40356,5.023,2.374,-3.344
2026-06-14 22:32:05.943,3359865399,53943,1,0.91992,0.00391,0.54248,3.557,3.534,1.695
2026-06-14 22:32:05.943,3359865399,53943,2,0.94727,-0.13574,-0.38281,3.122,4.725,-3.0
2026-06-14 22:32:05.143,3359864599,54143,1,0.91284,0.01465,0.55957,-0.206,5.42,-0.076
2026-06-14 22:32:05.143,3359864599,54143,2,0.93677,-0.12769,-0.39478,-0.847,1.557,0.802
2026-06-14 22:32:05.343,3359864799,54343,1,0.90967,0.00342,0.56543,-0.084,4.863,0.534
2026-06-14 22:32:05.343,3359864799,54343,2,0.93774,-0.14355,-0.36914,0.855,4.176,-0.145
2026-06-14 22:32:05.543,3359864999,54543,1,0.90063,-0.00146,0.57153,0.412,4.389,0.824
2026-06-14 22:32:05.543,3359864999,54543,2,0.93604,-0.1311,-0.38257,1.649,2.527,-0.496
2026-06-14 22:32:06.743,3359866199,54743,1,0.89551,-0.00342,0.57227,2.023,4.405,1.038
2026-06-14 22:32:06.743,3359866199,54743,2,0.9502,-0.13696,-0.37305,4.481,2.656,-1.519
2026-06-14 22:32:06.949,3359866405,54949,1,0.89038,0.00195,0.58276,1.878,4.084,0.855
2026-06-14 22:32:06.949,3359866405,54949,2,0.94531,-0.13184,-0.3667,3.336,2.656,-1.412
2026-06-14 22:32:06.149,3359865605,55149,1,0.89209,0.00098,0.58081,2.153,3.176,1.504
2026-06-14 22:32:06.149,3359865605,55149,2,0.94409,-0.12769,-0.36353,2.595,1.534,-0.855
2026-06-14 22:32:06.349,3359865805,55349,1,0.896,0.00049,0.59399,1.496,3.115,1.977
2026-06-14 22:32:06.349,3359865805,55349,2,0.94922,-0.14258,-0.35449,4.496,1.763,-1.214
2026-06-14 22:32:06.549,3359866005,55549,1,0.88696,-0.00757,0.59497,2.611,3.183,2.718
2026-06-14 22:32:06.549,3359866005,55549,2,0.95728,-0.12646,-0.35449,4.198,1.809,-3.191
2026-06-14 22:32:07.749,3359867205,55749,1,0.88843,-0.01025,0.60767,3.702,3.122,2.71
2026-06-14 22:32:07.749,3359867205,55749,2,0.95142,-0.13257,-0.35083,3.191,2.351,-2.046
2026-06-14 22:32:07.949,3359867405,55949,1,0.89014,-0.0105,0.59448,0.977,3.061,1.748
2026-06-14 22:32:07.949,3359867405,55949,2,0.94971,-0.12988,-0.35229,0.802,1.824,-0.275
2026-06-14 22:32:07.149,3359866605,56149,1,0.88354,-0.00513,0.60303,0.092,1.733,0.786
2026-06-14 22:32:07.149,3359866605,56149,2,0.95874,-0.13086,-0.35962,0.84,1.824,0.313
2026-06-14 22:32:07.349,3359866805,56349,1,0.88208,-0.0105,0.59106,0.13,3.0,-0.015
2026-06-14 22:32:07.349,3359866805,56349,2,0.95605,-0.13062,-0.34741,-2.878,2.412,-0.397
2026-06-14 22:32:08.602,3359868058,56601,1,0.88306,-0.01514,0.60938,1.466,3.565,0.603
2026-06-14 22:32:08.602,3359868058,56601,2,0.95581,-0.13257,-0.35864,0.313,1.779,-0.954
2026-06-14 22:32:08.801,3359868257,56801,1,0.88232,-0.00708,0.61084,1.229,1.702,0.786
2026-06-14 22:32:08.801,3359868257,56801,2,0.95801,-0.12598,-0.34424,0.321,0.725,-1.053
2026-06-14 22:32:08.001,3359867457,57001,1,0.88159,-0.01465,0.59863,0.389,1.618,0.275
2026-06-14 22:32:08.001,3359867457,57001,2,0.95068,-0.125,-0.35352,0.237,0.733,-0.603
2026-06-14 22:32:08.201,3359867657,57201,1,0.88159,-0.00952,0.59985,0.534,2.282,0.214
2026-06-14 22:32:08.201,3359867657,57201,2,0.95068,-0.12183,-0.3501,0.099,1.237,-1.015
2026-06-14 22:32:08.401,3359867857,57401,1,0.88281,-0.00854,0.5835,1.275,2.809,
2026-06-14 22:32:08.401,3359867857,57401,2,0.95581,-0.12427,-0.35864,0.756,1.542,-0.885
2026-06-14 22:32:09.601,3359869057,57601,1,0.8877,-0.00391,0.5979,0.198,2.855,-0.573
2026-06-14 22:32:09.601,3359869057,57601,2,0.93945,-0.11768,-0.34839,-0.779,2.504,-0.16
2026-06-14 22:32:09.868,3359869324,57868,1,0.87744,-0.00122,0.59399,1.053,1.298,0.84
2026-06-14 22:32:09.868,3359869324,57868,2,0.95483,-0.12231,-0.3501,-0.328,0.649,-1.58
2026-06-14 22:32:09.069,3359868525,58069,1,0.88403,-0.00122,0.60278,1.244,2.206,0.771
2026-06-14 22:32:09.069,3359868525,58069,2,0.95508,-0.12524,-0.35352,1.206,1.74,-1.153
2026-06-14 22:32:09.269,3359868725,58269,1,0.88208,-0.00171,0.59766,1.015,3.145,1.153
2026-06-14 22:32:09.269,3359868725,58269,2,0.95923,-0.12329,-0.35205,1.237,2.26,-0.565
2026-06-14 22:32:09.469,3359868925,58469,1,0.88257,0.00122,0.60498,1.511,2.687,1.168
2026-06-14 22:32:09.469,3359868925,58469,2,0.96045,-0.12524,-0.34741,0.756,1.817,-0.718
2026-06-14 22:32:10.669,3359870125,58669,1,0.87646,-0.00073,0.60205,1.115,2.504,0.748
2026-06-14 22:32:10.669,3359870125,58669,2,0.95386,-0.12646,-0.34668,0.534,1.595,-0.641
2026-06-14 22:32:10.898,3359870354,58898,1,0.87329,-0.00415,0.60889,0.565,1.748,0.046
2026-06-14 22:32:10.898,3359870354,58898,2,0.95557,-0.12427,-0.34521,0.55,1.603,-1.328
2026-06-14 22:32:10.098,3359869554,59098,1,0.87671,0.00269,0.6001,0.817,1.901,0.435
2026-06-14 22:32:10.098,3359869554,59098,2,0.95605,-0.11719,-0.33643,-0.168,1.359,-0.527
2026-06-14 22:32:10.298,3359869754,59298,1,0.87915,-0.00366,0.61108,0.237,2.153,0.344
2026-06-14 22:32:10.298,3359869754,59298,2,0.96631,-0.13428,-0.34912,0.023,1.641,-0.084
2026-06-14 22:32:10.498,3359869954,59498,1,0.86792,-0.03003,0.63354,4.053,7.076,8.534
2026-06-14 22:32:10.498,3359869954,59498,2,0.95654,-0.11768,-0.33008,8.397,2.061,-10.153
2026-06-14 22:32:11.698,3359871154,59698,1,0.8667,0.01196,0.60596,8.931,-4.763,-1.183
2026-06-14 22:32:11.698,3359871154,59698,2,0.95947,-0.08911,-0.36157,-6.511,-11.794,5.42
2026-06-14 22:32:11.898,3359871354,59898,1,0.90723,0.07568,0.55981,-8.298,-1.389,-13.046
2026-06-14 22:32:11.898,3359871354,59898,2,0.93237,-0.10986,-0.37402,-12.473,-4.473,15.595
2026-06-14 22:32:11.098,3359870554,60098,1,0.89478,0.01074,0.58813,-5.71,1.908,-0.702
2026-06-14 22:32:11.098,3359870554,60098,2,0.92798,-0.1394,-0.41089,0.985,-1.641,3.916
2026-06-14 22:32:11.298,3359870754,60298,1,0.87646,0.02368,0.59253,1.244,1.275,-1.237
2026-06-14 22:32:11.298,3359870754,60298,2,0.92017,-0.13696,-0.39868,-0.931,-0.641,3.069
2026-06-14 22:32:11.498,3359870954,60498,1,0.91235,0.04736,0.55273,-2.893,3.305,0.534
2026-06-14 22:32:11.498,3359870954,60498,2,0.91382,-0.15527,-0.41919,-2.42,2.069,0.939
2026-06-14 22:32:12.698,3359872154,60698,1,0.90576,0.00928,0.56323,3.473,0.168,1.763
2026-06-14 22:32:12.698,3359872154,60698,2,0.92236,-0.14941,-0.41797,0.366,2.908,-1.328
2026-06-14 22:32:12.027,3359871483,61027,1,0.89673,0.03052,0.56421,2.275,2.588,0.168
2026-06-14 22:32:12.027,3359871483,61027,2,0.91724,-0.13599,-0.42798,0.183,1.802,2.664
2026-06-14 22:32:12.227,3359871683,61227,1,0.90454,0.02441,0.57837,-3.382,2.511,0.954
2026-06-14 22:32:12.227,3359871683,61227,2,0.92041,-0.15015,-0.42285,1.092,3.863,2.351
2026-06-14 22:32:12.427,3359871883,61427,1,0.91309,0.01172,0.56763,-0.092,2.656,-1.58
2026-06-14 22:32:12.427,3359871883,61427,2,0.9248,-0.1499,-0.40796,1.427,2.519,-1.305
2026-06-14 22:32:13.627,3359873083,61627,1,0.90454,0.00586,0.57349,1.153,3.336,2.115
2026-06-14 22:32:13.627,3359873083,61627,2,0.92651,-0.15332,-0.40942,4.244,2.809,-1.901
2026-06-14 22:32:13.827,3359873283,61827,1,0.89575,0.01123,0.56909,1.664,4.313,1.405
2026-06-14 22:32:13.827,3359873283,61827,2,0.92065,-0.1543,-0.39917,2.519,1.687,-2.076
2026-06-14 22:32:13.027,3359872483,62027,1,0.9043,0.03345,0.56372,0.985,3.29,0.466
2026-06-14 22:32:13.027,3359872483,62027,2,0.92188,-0.15063,-0.39844,0.099,3.023,0.351
2026-06-14 22:32:13.227,3359872683,62227,1,0.90991,0.01709,0.56006,0.969,4.092,-0.099
2026-06-14 22:32:13.227,3359872683,62227,2,0.91577,-0.15259,-0.40674,1.626,1.168,-1.374
2026-06-14 22:32:13.427,3359872883,62427,1,0.89307,0.01074,0.58325,0.382,1.878,-2.16
2026-06-14 22:32:13.427,3359872883,62427,2,0.92163,-0.14526,-0.40454,-2.374,0.656,0.389
2026-06-14 22:32:14.627,3359874083,62627,1,0.89941,0.00366,0.5791,2.328,1.382,1.107
2026-06-14 22:32:14.627,3359874083,62627,2,0.91577,-0.14819,-0.40918,-0.962,0.107,-0.809
2026-06-14 22:32:14.827,3359874283,62827,1,0.91797,0.01245,0.57275,1.183,3.649,3.443
2026-06-14 22:32:14.827,3359874283,62827,2,0.9248,-0.14941,-0.41772,4.107,3.397,-1.313
2026-06-14 22:32:14.053,3359873509,63053,1,0.8916,0.00684,0.58838,1.137,5.58,2.382
2026-06-14 22:32:14.053,3359873509,63053,2,0.92627,-0.15405,-0.38281,3.573,3.962,-0.137
2026-06-14 22:32:14.253,3359873709,63253,1,0.89063,-0.00415,0.59326,-0.427,3.924,1.107
2026-06-14 22:32:14.253,3359873709,63253,2,0.92944,-0.15137,-0.37305,-3.122,3.74,-1.046
2026-06-14 22:32:14.453,3359873909,63453,1,0.87598,-0.02344,0.59277,0.664,4.664,0.702
2026-06-14 22:32:14.453,3359873909,63453,2,0.92334,-0.13452,-0.38306,4.588,6.534,-4.298
2026-06-14 22:32:15.653,3359875109,63653,1,0.88892,0.00146,0.58545,0.58,4.122,0.893
2026-06-14 22:32:15.653,3359875109,63653,2,0.95215,-0.12817,-0.37378,-4.298,6.137,-0.71
2026-06-14 22:32:15.853,3359875309,63853,1,0.88379,-0.03101,0.61108,3.832,7.809,4.542
2026-06-14 22:32:15.853,3359875309,63853,2,0.94946,-0.12451,-0.33179,0.16,8.473,-12.069
2026-06-14 22:32:15.053,3359874509,64053,1,0.86255,0.01025,0.62085,3.313,3.794,2.015
2026-06-14 22:32:15.053,3359874509,64053,2,0.95239,-0.08838,-0.33276,0.481,2.015,0.107
2026-06-14 22:32:15.293,3359874749,64293,1,0.86963,-0.00757,0.6228,-0.908,2.359,-2.748
2026-06-14 22:32:15.293,3359874749,64293,2,0.95972,-0.10034,-0.33325,-3.702,-0.176,2.115
2026-06-14 22:32:15.493,3359874949,64493,1,0.88086,-0.00732,0.60669,-4.595,0.42,-6.0
2026-06-14 22:32:15.493,3359874949,64493,2,0.95654,-0.10938,-0.35205,-5.702,-1.573,3.489
2026-06-14 22:32:16.693,3359876149,64693,1,0.87817,-0.00635,0.60913,-1.328,3.45,-1.374
2026-06-14 22:32:16.693,3359876149,64693,2,0.95264,-0.11255,-0.34106,0.45,1.656,0.687
2026-06-14 22:32:16.893,3359876349,64893,1,0.86792,-0.00049,0.61548,1.534,1.954,1.351
2026-06-14 22:32:16.893,3359876349,64893,2,0.94678,-0.09473,-0.35742,0.649,0.931,-2.42
2026-06-14 22:32:16.093,3359875549,65093,1,0.88013,-0.00122,0.59912,1.679,0.901,1.954
2026-06-14 22:32:16.093,3359875549,65093,2,0.96094,-0.10352,-0.35986,3.13,2.374,-2.977
2026-06-14 22:32:16.293,3359875749,65293,1,0.89014,0.00293,0.60498,2.397,3.985,3.344
2026-06-14 22:32:16.293,3359875749,65293,2,0.95386,-0.10059,-0.35352,3.908,2.802,-1.565
2026-06-14 22:32:16.493,3359875949,65493,1,0.88086,-0.00195,0.59448,0.901,3.603,1.435
2026-06-14 22:32:16.493,3359875949,65493,2,0.96606,-0.10156,-0.35645,0.214,3.252,1.611
2026-06-14 22:32:17.693,3359877149,65693,1,0.8689,-0.01172,0.62134,-4.504,1.855,-0.885
2026-06-14 22:32:17.693,3359877149,65693,2,0.95215,-0.12134,-0.34009,-4.687,0.779,6.282
2026-06-14 22:32:17.893,3359877349,65893,1,0.86963,-0.04272,0.60815,-3.748,1.901,-1.145
2026-06-14 22:32:17.893,3359877349,65893,2,0.95874,-0.13721,-0.34473,-4.145,2.076,-0.702
2026-06-14 22:32:17.093,3359876549,66093,1,0.88379,-0.02368,0.61035,-0.206,1.183,-0.305
2026-06-14 22:32:17.093,3359876549,66093,2,0.97192,-0.10278,-0.34082,2.206,2.221,-2.321
2026-06-14 22:32:17.293,3359876749,66293,1,0.87109,-0.00122,0.61841,5.603,4.282,1.122
2026-06-14 22:32:17.293,3359876749,66293,2,0.96606,-0.09106,-0.34497,5.702,3.038,-5.244
2026-06-14 22:32:17.543,3359876999,66542,1,0.87915,0.01147,0.62402,7.023,4.916,5.618
2026-06-14 22:32:17.543,3359876999,66542,2,0.95947,-0.08765,-0.32593,3.573,1.794,-2.832
2026-06-14 22:32:18.786,3359878242,66786,1,0.8623,0.00269,0.6333,2.229,0.206,0.099
2026-06-14 22:32:18.786,3359878242,66786,2,0.95337,-0.08887,-0.33325,-2.115,-2.656,-0.87
2026-06-14 22:32:18.986,3359878442,66986,1,0.86523,-0.01318,0.62305,-0.214,0.496,-1.13
2026-06-14 22:32:18.986,3359878442,66986,2,0.98828,-0.10596,-0.36841,10.328,1.702,-6.603
2026-06-14 22:32:18.243,3359877699,67243,1,0.90234,0.02295,0.58154,5.382,3.511,1.58
2026-06-14 22:32:18.243,3359877699,67243,2,0.94385,-0.08887,-0.36255,9.771,7.786,-5.603
2026-06-14 22:32:18.443,3359877899,67443,1,0.86841,0.01611,0.61694,5.206,4.626,4.557
2026-06-14 22:32:18.443,3359877899,67443,2,0.95117,-0.07593,-0.33569,0.58,2.725,-3.366
2026-06-14 22:32:19.643,3359879099,67643,1,0.875,0.00732,0.61426,0.656,1.626,1.412
2026-06-14 22:32:19.643,3359879099,67643,2,0.95728,-0.07861,-0.354,-4.031,-0.26,1.344
2026-06-14 22:32:19.843,3359879299,67843,1,0.87817,0.01489,0.59863,-2.374,0.885,-0.29
2026-06-14 22:32:19.843,3359879299,67843,2,0.9585,-0.07666,-0.36719,-4.0,0.534,2.13
2026-06-14 22:32:19.043,3359878499,68043,1,0.87671,0.00171,0.60498,-3.046,0.084,-0.435
2026-06-14 22:32:19.043,3359878499,68043,2,0.94946,-0.08716,-0.35571,-0.771,0.191,3.687
2026-06-14 22:32:19.243,3359878699,68243,1,0.88794,0.00098,0.60352,-3.115,3.427,0.763
2026-06-14 22:32:19.243,3359878699,68243,2,0.95874,-0.09277,-0.33936,1.046,6.107,3.771
2026-06-14 22:32:19.449,3359878905,68448,1,0.86523,-0.01123,0.61255,-1.473,4.649,3.252
2026-06-14 22:32:19.449,3359878905,68448,2,0.94897,-0.10303,-0.33203,-0.603,1.763,6.618
2026-06-14 22:32:20.648,3359880104,68648,1,0.87866,-0.03564,0.62524,-0.718,1.878,0.58
2026-06-14 22:32:20.648,3359880104,68648,2,0.9585,-0.10474,-0.33301,-2.588,3.122,-2.176
2026-06-14 22:32:20.848,3359880304,68848,1,0.87354,-0.03687,0.61377,-1.672,2.832,-3.756
2026-06-14 22:32:20.848,3359880304,68848,2,0.96484,-0.10083,-0.33911,-2.275,4.878,-6.412
2026-06-14 22:32:20.048,3359879504,69048,1,0.86914,-0.00757,0.61963,1.336,2.55,-1.183
2026-06-14 22:32:20.048,3359879504,69048,2,0.97363,-0.08618,-0.33154,0.214,1.603,0.855
2026-06-14 22:32:20.248,3359879704,69248,1,0.87183,-0.00537,0.61841,-0.916,2.29,-2.168
2026-06-14 22:32:20.248,3359879704,69248,2,0.97046,-0.08862,-0.32935,-0.267,1.817,0.931
2026-06-14 22:32:20.448,3359879904,69448,1,0.8667,-0.01343,0.62036,-0.305,2.931,1.542
2026-06-14 22:32:20.448,3359879904,69448,2,0.96265,-0.09668,-0.34229,1.29,1.496,-0.756
2026-06-14 22:32:21.670,3359881126,69670,1,0.86353,-0.02637,0.62109,3.145,1.198,2.55
2026-06-14 22:32:21.670,3359881126,69670,2,0.95996,-0.08374,-0.34106,2.282,-0.191,-1.924
2026-06-14 22:32:21.870,3359881326,69870,1,0.87476,-0.0166,0.61694,0.427,2.221,-0.023
2026-06-14 22:32:21.870,3359881326,69870,2,0.96753,-0.08936,-0.33887,1.374,1.573,-0.191
2026-06-14 22:32:21.070,3359880526,70070,1,0.86475,-0.02124,0.61963,0.267,3.26,0.809
2026-06-14 22:32:21.070,3359880526,70070,2,0.95874,-0.10034,-0.33789,1.511,2.191,-0.313
2026-06-14 22:32:21.270,3359880726,70270,1,0.8645,-0.01416,0.61865,0.626,2.321,0.252
2026-06-14 22:32:21.270,3359880726,70270,2,0.96753,-0.09375,-0.33496,-0.046,1.496,-0.023
2026-06-14 22:32:21.470,3359880926,70470,1,0.87109,-0.0249,0.61743,-0.885,2.466,-0.977
2026-06-14 22:32:21.470,3359880926,70470,2,0.96899,-0.0979,-0.34229,-0.351,1.298,0.863
2026-06-14 22:32:22.670,3359882126,70670,1,0.86719,-0.01953,0.61719,0.252,2.183,0.519
2026-06-14 22:32:22.670,3359882126,70670,2,0.96631,-0.09741,-0.3374,1.664,2.206,-0.786
2026-06-14 22:32:22.870,3359882326,70870,1,0.87476,-0.01636,0.62573,0.893,2.977,1.099
2026-06-14 22:32:22.870,3359882326,70870,2,0.96533,-0.09302,-0.33838,2.42,2.603,-0.511
2026-06-14 22:32:22.070,3359881526,71070,1,0.86377,-0.02319,0.61963,0.534,3.58,0.427
2026-06-14 22:32:22.070,3359881526,71070,2,0.95947,-0.09888,-0.323,0.214,1.847,-1.13
2026-06-14 22:32:22.270,3359881726,71270,1,0.86743,-0.02246,0.62476,-0.099,2.649,-0.771
2026-06-14 22:32:22.270,3359881726,71270,2,0.96826,-0.10425,-0.32861,0.489,1.115,0.076
2026-06-14 22:32:22.470,3359881926,71470,1,0.86572,-0.01221,0.62061,-0.092,2.664,0.008
2026-06-14 22:32:22.470,3359881926,71470,2,0.96387,-0.10522,-0.34131,0.489,1.641,-0.45
2026-06-14 22:32:23.670,3359883126,71670,1,0.86377,-0.01514,0.63208,1.443,2.176,1.031
2026-06-14 22:32:23.670,3359883126,71670,2,0.96021,-0.10767,-0.34399,0.611,0.687,-1.344
2026-06-14 22:32:23.870,3359883326,71870,1,0.87256,-0.01099,0.61719,1.969,1.611,0.656
2026-06-14 22:32:23.870,3359883326,71870,2,0.96045,-0.09863,-0.33008,-0.557,0.389,-1.13
2026-06-14 22:32:23.070,3359882526,72070,1,0.86353,-0.0083,0.62769,0.038,1.481,0.046
2026-06-14 22:32:23.070,3359882526,72070,2,0.95581,-0.09863,-0.34009,-0.649,0.611,0.298
2026-06-14 22:32:23.270,3359882726,72270,1,0.87329,-0.00757,0.61743,1.008,1.359,0.786
2026-06-14 22:32:23.270,3359882726,72270,2,0.96509,-0.10254,-0.35205,0.794,1.107,-0.565
2026-06-14 22:32:23.470,3359882926,72470,1,0.87891,-0.01489,0.61108,1.336,2.916,1.122
2026-06-14 22:32:23.470,3359882926,72470,2,0.95532,-0.09985,-0.33301,0.725,2.435,-0.855
2026-06-14 22:32:24.674,3359884130,72674,1,0.86328,-0.00854,0.61694,0.382,2.206,0.328
2026-06-14 22:32:24.674,3359884130,72674,2,0.95923,-0.09131,-0.33984,1.412,2.252,-0.267
2026-06-14 22:32:24.874,3359884330,72874,1,0.87183,-0.01514,0.61719,0.412,1.947,-0.153
2026-06-14 22:32:24.874,3359884330,72874,2,0.96191,-0.09619,-0.33545,-1.015,0.58,0.191
2026-06-14 22:32:24.097,3359883553,73097,1,0.88306,-0.01489,0.60645,0.015,2.122,0.183
2026-06-14 22:32:24.097,3359883553,73097,2,0.95996,-0.0957,-0.33887,0.824,2.519,-0.031
2026-06-14 22:32:24.297,3359883753,73297,1,0.87378,-0.01514,0.60864,1.221,2.832,1.435
2026-06-14 22:32:24.297,3359883753,73297,2,0.96021,-0.09619,-0.33447,1.87,2.573,-1.45
2026-06-14 22:32:24.497,3359883953,73497,1,0.86865,-0.01343,0.61328,0.702,2.496,0.809
2026-06-14 22:32:24.497,3359883953,73497,2,0.96338,-0.09253,-0.3269,1.427,2.725,-0.588
2026-06-14 22:32:25.697,3359885153,73697,1,0.86572,-0.01831,0.62183,-1.115,3.687,-1.015
2026-06-14 22:32:25.697,3359885153,73697,2,0.9646,-0.0957,-0.33618,-1.298,1.626,-0.443
2026-06-14 22:32:25.897,3359885353,73897,1,0.86621,-0.00537,0.6272,-1.687,3.084,-2.107
2026-06-14 22:32:25.897,3359885353,73897,2,0.96704,-0.10278,-0.34888,1.779,2.718,0.557
2026-06-14 22:32:25.097,3359884553,74097,1,0.85596,-0.02417,0.63257,-0.412,1.832,2.122
2026-06-14 22:32:25.097,3359884553,74097,2,0.96094,-0.10229,-0.33154,0.405,0.221,2.58
2026-06-14 22:32:25.297,3359884753,74297,1,0.86914,-0.02466,0.60669,-1.061,-0.221,-0.435
2026-06-14 22:32:25.297,3359884753,74297,2,0.9519,-0.10034,-0.34985,-1.366,-1.145,2.122
2026-06-14 22:32:25.497,3359884953,74497,1,0.87744,-0.03125,0.61255,-0.122,2.107,1.366
2026-06-14 22:32:25.497,3359884953,74497,2,0.95557,-0.12061,-0.33984,2.931,2.679,-3.939
2026-06-14 22:32:26.697,3359886153,74697,1,0.87451,-0.02051,0.61377,4.534,2.374,2.137
2026-06-14 22:32:26.697,3359886153,74697,2,0.948,-0.09058,-0.34619,0.687,3.069,-3.779
2026-06-14 22:32:26.897,3359886353,74897,1,0.87183,-0.0105,0.60815,1.885,2.763,-1.023
2026-06-14 22:32:26.897,3359886353,74897,2,0.9624,-0.08789,-0.33862,1.229,1.664,-0.351
2026-06-14 22:32:26.125,3359885581,75125,1,0.87476,-0.0166,0.60962,0.763,2.382,2.588
2026-06-14 22:32:26.125,3359885581,75125,2,0.96216,-0.08228,-0.3457,-0.038,1.893,-0.008
2026-06-14 22:32:26.325,3359885781,75325,1,0.86987,-0.02393,0.61157,-1.107,0.618,0.191
2026-06-14 22:32:26.325,3359885781,75325,2,0.95703,-0.09082,-0.34351,-0.939,-0.435,1.45
2026-06-14 22:32:26.525,3359885981,75525,1,0.87598,-0.02222,0.61353,0.855,1.786,0.962
2026-06-14 22:32:26.525,3359885981,75525,2,0.96021,-0.08765,-0.35083,0.397,1.0,-0.405
2026-06-14 22:32:27.725,3359887181,75725,1,0.87378,-0.01758,0.58789,-2.053,0.366,-2.092
2026-06-14 22:32:27.725,3359887181,75725,2,0.95728,-0.10352,-0.33887,0.344,1.74,1.313
2026-06-14 22:32:27.929,3359887385,75929,1,0.87793,-0.02856,0.5957,6.786,1.969,8.71
2026-06-14 22:32:27.929,3359887385,75929,2,0.96436,-0.09497,-0.34863,2.985,3.221,-4.191
2026-06-14 22:32:27.129,3359886585,76129,1,0.8728,-0.02417,0.59839,0.664,2.985,-0.153
2026-06-14 22:32:27.129,3359886585,76129,2,0.95532,-0.08862,-0.34863,0.221,3.176,0.16
2026-06-14 22:32:27.329,3359886785,76329,1,0.8728,-0.0249,0.61597,0.611,5.115,-1.015
2026-06-14 22:32:27.329,3359886785,76329,2,0.95947,-0.08691,-0.3418,1.992,2.55,-0.847
2026-06-14 22:32:27.529,3359886985,76529,1,0.8667,-0.00757,0.62378,0.679,2.412,-0.679
2026-06-14 22:32:27.529,3359886985,76529,2,0.95923,-0.09888,-0.34863,-0.786,-0.046,1.969
2026-06-14 22:32:28.729,3359888185,76729,1,0.86865,-0.01172,0.60913,-2.626,1.023,-2.382
2026-06-14 22:32:28.729,3359888185,76729,2,0.95313,-0.09644,-0.34082,-1.412,-1.985,4.817
2026-06-14 22:32:28.929,3359888385,76929,1,0.8877,-0.03369,0.60498,3.55,0.664,4.573
2026-06-14 22:32:28.929,3359888385,76929,2,0.95752,-0.10181,-0.37134,1.168,1.053,-1.832
2026-06-14 22:32:28.129,3359887585,77129,1,0.88086,-0.01929,0.6001,0.893,2.412,1.985
2026-06-14 22:32:28.129,3359887585,77129,2,0.95825,-0.09985,-0.35596,1.137,1.992,-0.511
2026-06-14 22:32:28.329,3359887785,77329,1,0.88013,-0.02393,0.59814,2.45,2.863,1.229
2026-06-14 22:32:28.329,3359887785,77329,2,0.9436,-0.09229,-0.36206,1.634,2.481,-1.153
2026-06-14 22:32:28.529,3359887985,77529,1,0.87891,-0.00781,0.59985,-0.176,1.115,-0.427
2026-06-14 22:32:28.529,3359887985,77529,2,0.95264,-0.10034,-0.36597,-1.534,1.405,2.824
2026-06-14 22:32:29.736,3359889192,77736,1,0.88208,-0.01367,0.59814,-4.412,1.695,-1.13
2026-06-14 22:32:29.736,3359889192,77736,2,0.95288,-0.10522,-0.3606,-3.389,1.214,5.305
2026-06-14 22:32:29.936,3359889392,77936,1,0.87622,-0.03882,0.60571,-4.511,2.695,-0.237
2026-06-14 22:32:29.936,3359889392,77936,2,0.94971,-0.11841,-0.35913,-3.45,2.267,1.748
2026-06-14 22:32:29.136,3359888592,78136,1,0.88086,-0.03345,0.60254,-2.321,2.168,-2.107
2026-06-14 22:32:29.136,3359888592,78136,2,0.95068,-0.12354,-0.36377,0.031,2.076,-0.458
2026-06-14 22:32:29.356,3359888812,78356,1,0.8877,-0.03589,0.60229,2.481,3.557,1.656
2026-06-14 22:32:29.356,3359888812,78356,2,0.95093,-0.12695,-0.35254,5.328,2.779,-4.321
2026-06-14 22:32:29.556,3359889012,78556,1,0.85229,-0.03931,0.62256,10.893,2.382,9.038
2026-06-14 22:32:29.556,3359889012,78556,2,0.95361,-0.12085,-0.33228,6.573,0.298,-7.763
2026-06-14 22:32:30.756,3359890212,78756,1,0.84985,-0.01392,0.61938,7.359,-2.595,-1.802
2026-06-14 22:32:30.756,3359890212,78756,2,0.96411,-0.06641,-0.37451,3.611,-10.809,12.107
2026-06-14 22:32:30.956,3359890412,78956,1,0.90967,0.00732,0.57568,-14.58,-1.466,-21.802
2026-06-14 22:32:30.956,3359890412,78956,2,0.92725,-0.16382,-0.39233,-6.855,-0.42,2.366
2026-06-14 22:32:30.162,3359889618,79162,1,0.91284,0.00513,0.58691,-2.634,1.45,-2.763
2026-06-14 22:32:30.162,3359889618,79162,2,0.91968,-0.16089,-0.39624,-0.824,-0.794,3.397
2026-06-14 22:32:30.362,3359889818,79362,1,0.8938,0.00952,0.57861,1.374,2.031,2.878
2026-06-14 22:32:30.362,3359889818,79362,2,0.92529,-0.14722,-0.40332,2.298,1.855,-2.786
2026-06-14 22:32:30.566,3359890022,79565,1,0.89648,0.01709,0.5896,3.634,4.687,2.145
2026-06-14 22:32:30.566,3359890022,79565,2,0.90869,-0.13989,-0.40552,0.718,-0.588,-0.664
2026-06-14 22:32:31.765,3359891221,79765,1,0.90503,0.03687,0.57471,0.763,0.611,-1.595
2026-06-14 22:32:31.765,3359891221,79765,2,0.92114,-0.1438,-0.41138,-3.168,0.252,1.069
2026-06-14 22:32:31.965,3359891421,79965,1,0.89673,0.01611,0.57788,0.634,3.29,0.214
2026-06-14 22:32:31.965,3359891421,79965,2,0.93481,-0.14355,-0.41211,3.863,3.756,-2.122
2026-06-14 22:32:31.165,3359890621,80165,1,0.91675,0.02588,0.56421,6.359,2.931,7.328
2026-06-14 22:32:31.165,3359890621,80165,2,0.92432,-0.12109,-0.42896,3.962,5.908,-0.221
2026-06-14 22:32:31.365,3359890821,80365,1,0.89429,-0.01392,0.5813,1.191,7.061,4.42
2026-06-14 22:32:31.365,3359890821,80365,2,0.95166,-0.1394,-0.38525,4.847,7.634,-8.649
2026-06-14 22:32:31.567,3359891023,80566,1,0.89795,0.0188,0.58228,3.489,2.87,6.947
2026-06-14 22:32:31.567,3359891023,80566,2,0.94849,-0.1145,-0.35376,0.336,4.832,-7.389
2026-06-14 22:32:32.803,3359892259,80803,1,0.88306,-0.00635,0.61255,0.305,2.87,2.542
2026-06-14 22:32:32.803,3359892259,80803,2,0.95898,-0.11646,-0.34351,2.466,1.099,-2.16
2026-06-14 22:32:32.011,3359891467,81011,1,0.87476,-0.02954,0.60425,11.595,4.168,7.466
2026-06-14 22:32:32.011,3359891467,81011,2,0.9646,-0.10522,-0.35156,10.458,5.947,-14.603
2026-06-14 22:32:32.211,3359891667,81211,1,0.87085,-0.01855,0.60962,6.947,1.985,6.015
2026-06-14 22:32:32.211,3359891667,81211,2,0.95361,-0.06982,-0.34082,5.649,0.84,-1.061
2026-06-14 22:32:32.411,3359891867,81411,1,0.87549,-0.01587,0.59937,-3.16,1.45,-3.359
2026-06-14 22:32:32.411,3359891867,81411,2,0.95605,-0.09985,-0.36792,-4.252,1.573,6.168
2026-06-14 22:32:33.651,3359893107,81651,1,0.88062,-0.03784,0.61865,-2.321,4.634,-2.473
2026-06-14 22:32:33.651,3359893107,81651,2,0.95898,-0.11108,-0.35327,0.863,4.71,-0.481
2026-06-14 22:32:33.851,3359893307,81851,1,0.86646,-0.0332,0.62183,2.992,3.656,1.489
2026-06-14 22:32:33.851,3359893307,81851,2,0.96021,-0.09253,-0.35571,1.26,2.496,-3.099
2026-06-14 22:32:33.051,3359892507,82051,1,0.86523,-0.01514,0.60669,0.023,1.405,-1.466
2026-06-14 22:32:33.051,3359892507,82051,2,0.95703,-0.09912,-0.354,-2.55,-0.229,1.214
2026-06-14 22:32:33.258,3359892714,82258,1,0.88257,-0.01416,0.60425,0.45,-0.099,-0.939
2026-06-14 22:32:33.258,3359892714,82258,2,0.95801,-0.09473,-0.3623,-0.588,0.031,-1.168
2026-06-14 22:32:33.458,3359892914,82458,1,0.88623,-0.01147,0.59741,1.244,0.992,0.641
2026-06-14 22:32:33.458,3359892914,82458,2,0.95654,-0.09204,-0.36108,0.618,1.29,-0.076
2026-06-14 22:32:34.658,3359894114,82658,1,0.88599,-0.01514,0.60352,-0.046,2.809,0.13
2026-06-14 22:32:34.658,3359894114,82658,2,0.95972,-0.0979,-0.36133,0.725,3.412,0.71
2026-06-14 22:32:34.858,3359894314,82858,1,0.88232,-0.02246,0.59937,0.137,5.13,0.45
2026-06-14 22:32:34.858,3359894314,82858,2,0.95679,-0.10913,-0.36426,2.145,4.977,-0.802
2026-06-14 22:32:34.058,3359893514,83058,1,0.87354,-0.0105,0.61133,1.008,7.198,1.031
2026-06-14 22:32:34.058,3359893514,83058,2,0.9624,-0.1001,-0.32764,3.038,6.29,-1.023
2026-06-14 22:32:34.258,3359893714,83258,1,0.8562,-0.01636,0.62793,0.985,4.496,1.298
2026-06-14 22:32:34.258,3359893714,83258,2,0.96411,-0.08838,-0.31226,0.595,5.092,-1.756
2026-06-14 22:32:34.458,3359893914,83458,1,0.87207,-0.00806,0.63135,-0.58,5.84,-0.221
2026-06-14 22:32:34.458,3359893914,83458,2,0.99463,-0.09717,-0.31909,0.725,8.954,-1.26
2026-06-14 22:32:35.658,3359895114,83658,1,0.86157,-0.0271,0.65039,-1.954,17.954,-0.588
2026-06-14 22:32:35.658,3359895114,83658,2,1.00293,-0.09473,-0.29248,-5.053,16.809,-3.672
2026-06-14 22:32:35.858,3359895314,83858,1,0.8667,-0.00903,0.65308,4.382,36.969,1.412
2026-06-14 22:32:35.858,3359895314,83858,2,1.00317,-0.01782,-0.17529,-29.275,49.015,-6.328
2026-06-14 22:32:35.058,3359894514,84058,1,0.55859,-0.02979,0.77075,-4.855,79.832,-4.031
2026-06-14 22:32:35.058,3359894514,84058,2,1.00269,-0.02319,-0.12671,-13.015,59.237,-13.611
2026-06-14 22:32:35.258,3359894714,84258,1,0.42603,-0.07153,0.99731,-9.748,43.771,-8.672
2026-06-14 22:32:35.258,3359894714,84258,2,1.08569,-0.02832,0.19141,8.542,33.672,-0.489
2026-06-14 22:32:35.458,3359894914,84458,1,0.34912,-0.05542,0.85498,-1.29,20.145,-14.244
2026-06-14 22:32:35.458,3359894914,84458,2,0.51099,-0.19434,0.26929,15.962,0.298,-3.718
2026-06-14 22:32:36.658,3359896114,84658,1,0.28125,0.04224,0.84326,16.733,-8.275,7.092
2026-06-14 22:32:36.658,3359896114,84658,2,1.08423,-0.08618,0.06909,7.634,-23.122,4.435
2026-06-14 22:32:36.858,3359896314,84858,1,0.4458,0.02319,0.81592,9.115,5.985,12.588
2026-06-14 22:32:36.858,3359896314,84858,2,0.9436,-0.00415,0.2041,12.855,14.115,-12.534
2026-06-14 22:32:36.058,3359895514,85058,1,0.37573,0.08057,1.02173,-4.42,-0.939,-1.137
2026-06-14 22:32:36.058,3359895514,85058,2,1.19141,0.06763,0.29883,-7.122,-11.901,1.496
2026-06-14 22:32:36.258,3359895714,85258,1,0.53125,0.04028,1.22314,-33.702,-14.725,-21.008
2026-06-14 22:32:36.258,3359895714,85258,2,1.35767,-0.07153,0.27515,-4.282,-10.481,-4.748
2026-06-14 22:32:36.458,3359895914,85458,1,0.51294,0.05542,1.08496,4.107,12.618,4.603
2026-06-14 22:32:36.458,3359895914,85458,2,1.06543,0.01074,0.21606,17.649,9.969,1.382
2026-06-14 22:32:37.658,3359897114,85658,1,0.46191,-0.03247,0.95947,-12.542,-10.672,5.443
2026-06-14 22:32:37.658,3359897114,85658,2,1.10498,-0.08154,0.10107,21.763,-5.16,-2.092
2026-06-14 22:32:37.890,3359897346,85890,1,0.73682,-0.0249,0.99683,3.008,-0.183,7.969
2026-06-14 22:32:37.890,3359897346,85890,2,1.53052,-0.06104,0.15991,18.847,25.084,-9.511
2026-06-14 22:32:37.090,3359896546,86090,1,0.50171,-0.00293,1.01123,-18.908,58.481,5.435
2026-06-14 22:32:37.090,3359896546,86090,2,1.03125,0.03979,0.34106,-3.229,65.023,-1.84
2026-06-14 22:32:37.294,3359896750,86294,1,0.16309,-0.11548,1.06714,-7.176,38.45,-20.878
2026-06-14 22:32:37.294,3359896750,86294,2,0.9502,-0.06104,0.50049,4.511,18.893,-5.298
2026-06-14 22:32:37.494,3359896950,86494,1,0.15137,-0.00537,1.17285,12.145,-1.763,-6.817
2026-06-14 22:32:37.494,3359896950,86494,2,1.0,-0.00635,0.54785,-3.847,-16.237,1.557
2026-06-14 22:32:38.694,3359898150,86694,1,0.21411,-0.0105,1.10303,3.824,-30.191,-1.504
2026-06-14 22:32:38.694,3359898150,86694,2,0.87134,0.01636,0.30054,-21.137,-51.695,12.435
2026-06-14 22:32:38.894,3359898350,86894,1,0.19678,0.00293,0.71582,8.206,-77.191,-1.641
2026-06-14 22:32:38.894,3359898350,86894,2,0.65747,-0.13843,0.21313,6.252,-116.359,15.947
2026-06-14 22:32:38.094,3359897550,87094,1,0.82666,0.00415,0.61279,2.511,-54.634,-4.847
2026-06-14 22:32:38.094,3359897550,87094,2,1.08398,-0.18433,-0.36401,-10.664,-42.061,1.053
2026-06-14 22:32:38.294,3359897750,87294,1,0.87817,0.01099,0.68115,0.137,7.344,0.351
2026-06-14 22:32:38.294,3359897750,87294,2,1.01343,-0.09692,-0.23584,5.87,8.275,-1.687
2026-06-14 22:32:38.496,3359897952,87496,1,0.79004,0.02148,0.67236,-3.137,35.519,5.58
2026-06-14 22:32:38.496,3359897952,87496,2,1.0,-0.05444,-0.04077,8.008,63.771,-2.076
2026-06-14 22:32:39.696,3359899152,87696,1,0.39575,-0.01416,0.64771,-13.832,66.191,1.603
2026-06-14 22:32:39.696,3359899152,87696,2,0.698,-0.05054,0.10864,10.893,25.786,-0.099
2026-06-14 22:32:39.928,3359899384,87928,1,0.3811,-0.03687,0.99854,14.985,7.595,9.382
2026-06-14 22:32:39.928,3359899384,87928,2,1.08521,-0.08105,0.27661,0.13,-10.466,-8.206
2026-06-14 22:32:39.222,3359898678,88222,1,0.49609,0.02368,1.10156,0.389,-25.267,-14.481
2026-06-14 22:32:39.222,3359898678,88222,2,1.1936,-0.13965,0.05005,-2.053,-39.954,-9.115
2026-06-14 22:32:39.441,3359898897,88441,1,0.81396,0.03125,0.99707,7.115,-35.878,5.313
2026-06-14 22:32:39.441,3359898897,88441,2,1.28198,-0.12646,-0.05396,10.672,-28.137,1.565
2026-06-14 22:32:40.641,3359900097,88641,1,0.83789,0.01758,0.88281,16.504,-2.092,18.153
2026-06-14 22:32:40.641,3359900097,88641,2,1.14722,-0.13403,-0.13354,-3.519,1.725,14.656
2026-06-14 22:32:40.841,3359900297,88841,1,0.65479,0.01099,0.78174,1.466,13.481,8.969
2026-06-14 22:32:40.841,3359900297,88841,2,1.13647,-0.10083,0.01221,6.687,13.992,0.855
2026-06-14 22:32:40.113,3359899569,89113,1,0.58521,-0.02588,0.87085,-19.107,15.435,-9.679
2026-06-14 22:32:40.113,3359899569,89113,2,1.08911,-0.12769,0.03589,-0.931,6.198,-0.16
2026-06-14 22:32:40.337,3359899793,89337,1,0.55737,-0.0686,0.94482,4.786,3.527,0.008
2026-06-14 22:32:40.337,3359899793,89337,2,0.97119,-0.11353,0.00391,-7.672,0.611,-0.473
2026-06-14 22:32:40.537,3359899993,89537,1,0.63086,-0.03979,0.9397,-0.794,4.046,-0.275
2026-06-14 22:32:40.537,3359899993,89537,2,1.08789,-0.15771,0.06519,1.763,5.344,-1.779
2026-06-14 22:32:41.737,3359901193,89737,1,0.60132,0.01538,0.88306,2.229,-6.313,7.84
2026-06-14 22:32:41.737,3359901193,89737,2,1.01904,-0.07861,0.06299,-7.496,16.321,-5.489
2026-06-14 22:32:41.959,3359901415,89959,1,0.66992,0.03662,0.86694,0.122,-1.611,-5.336
2026-06-14 22:32:41.959,3359901415,89959,2,1.04248,-0.09717,0.11963,-5.573,8.786,-0.244
2026-06-14 22:32:41.159,3359900615,90159,1,0.66992,-0.04028,0.87451,-5.298,-3.092,-2.107
2026-06-14 22:32:41.159,3359900615,90159,2,1.08691,-0.0752,0.0354,-1.939,-2.748,-3.42
2026-06-14 22:32:41.359,3359900815,90359,1,0.65088,-0.03198,0.83057,-9.305,9.542,2.847
2026-06-14 22:32:41.359,3359900815,90359,2,1.16235,-0.09961,0.12329,21.328,25.542,-10.382
2026-06-14 22:32:42.704,3359902160,90704,1,0.67944,0.03711,1.20947,20.939,37.557,6.412
2026-06-14 22:32:42.704,3359902160,90704,2,1.05518,-0.07227,0.35303,6.832,7.29,6.573
2026-06-14 22:32:42.052,3359901508,91052,1,0.47729,-0.03711,1.10669,-3.756,-12.244,-4.832
2026-06-14 22:32:42.052,3359901508,91052,2,1.07739,-0.08081,0.34424,4.099,-26.847,-2.244
2026-06-14 22:32:42.252,3359901708,91252,1,0.51074,-0.05444,0.98022,-2.832,-27.061,-10.137
2026-06-14 22:32:42.252,3359901708,91252,2,0.8606,-0.04395,0.09961,7.191,-57.076,-5.153
2026-06-14 22:32:42.452,3359901908,91452,1,0.25146,0.08325,0.59253,2.672,-47.504,-4.847
2026-06-14 22:32:42.452,3359901908,91452,2,0.63257,0.00879,0.02515,-18.031,-83.282,1.733
2026-06-14 22:32:43.652,3359903108,91652,1,0.86328,0.09863,0.56763,-48.053,-44.542,-31.359
2026-06-14 22:32:43.652,3359903108,91652,2,1.01904,-0.20142,-0.42554,-28.496,-14.611,5.977
2026-06-14 22:32:43.872,3359903328,91872,1,0.90698,-0.00586,0.57837,-3.466,-0.473,-4.0
2026-06-14 22:32:43.872,3359903328,91872,2,0.91968,-0.21851,-0.44702,-5.87,-5.695,3.687
2026-06-14 22:32:43.072,3359902528,92072,1,0.8877,-0.02246,0.59668,0.595,7.397,-1.908
2026-06-14 22:32:43.072,3359902528,92072,2,0.89429,-0.24536,-0.44922,2.466,6.977,0.573
2026-06-14 22:32:43.272,3359902728,92272,1,0.88354,0.00146,0.58936,27.664,-9.916,22.565
2026-06-14 22:32:43.272,3359902728,92272,2,0.87646,-0.10376,-0.44971,0.511,-6.725,-6.817
2026-06-14 22:32:43.492,3359902948,92492,1,0.86548,-0.01196,0.61011,0.817,-10.008,9.924
2026-06-14 22:32:43.492,3359902948,92492,2,0.95117,-0.07764,-0.5144,1.214,-4.092,-5.595
2026-06-14 22:32:44.692,3359904148,92692,1,0.87842,-0.00562,0.60132,7.664,-1.137,4.038
2026-06-14 22:32:44.692,3359904148,92692,2,0.86646,-0.12793,-0.50146,8.443,-5.496,-2.244
2026-06-14 22:32:44.892,3359904348,92892,1,0.88623,-0.00879,0.59277,9.023,4.412,6.023
2026-06-14 22:32:44.892,3359904348,92892,2,0.86768,-0.11743,-0.48706,8.267,2.099,-1.74
2026-06-14 22:32:44.092,3359903548,93092,1,0.89063,-0.00464,0.60059,2.595,3.71,0.573
2026-06-14 22:32:44.092,3359903548,93092,2,0.86255,-0.13306,-0.50806,2.817,2.557,-2.794
2026-06-14 22:32:44.292,3359903748,93292,1,0.88013,-0.01636,0.59473,5.489,1.588,3.779
2026-06-14 22:32:44.292,3359903748,93292,2,0.86328,-0.13281,-0.49585,2.084,1.237,-4.458
2026-06-14 22:32:44.492,3359903948,93492,1,0.89404,-0.00903,0.58374,3.275,1.137,2.878
2026-06-14 22:32:44.492,3359903948,93492,2,0.86401,-0.13232,-0.49756,2.527,1.221,-2.588
2026-06-14 22:32:45.692,3359905148,93692,1,0.88574,-0.01636,0.59277,3.008,2.863,1.878
2026-06-14 22:32:45.692,3359905148,93692,2,0.86328,-0.13232,-0.49292,0.611,1.435,-0.038
2026-06-14 22:32:45.902,3359905358,93902,1,0.88965,-0.00537,0.58667,-0.305,3.252,-0.763
2026-06-14 22:32:45.902,3359905358,93902,2,0.87085,-0.12866,-0.48828,-0.71,3.405,0.489
2026-06-14 22:32:45.102,3359904558,94102,1,0.89038,-0.00269,0.60889,-0.137,3.58,-0.412
2026-06-14 22:32:45.102,3359904558,94102,2,0.86377,-0.13818,-0.48682,-0.176,3.473,-0.153
2026-06-14 22:32:45.302,3359904758,94302,1,0.88232,-0.00977,0.59424,0.267,3.008,0.977
2026-06-14 22:32:45.302,3359904758,94302,2,0.87451,-0.1333,-0.49048,0.626,1.275,-1.641
2026-06-14 22:32:45.511,3359904967,94511,1,0.88452,-0.00708,0.61792,1.527,2.305,1.26
2026-06-14 22:32:45.511,3359904967,94511,2,0.86743,-0.12939,-0.48804,1.145,1.053,-0.786
2026-06-14 22:32:46.711,3359906167,94711,1,0.87866,-0.01294,0.60181,1.038,2.427,0.87
2026-06-14 22:32:46.711,3359906167,94711,2,0.87427,-0.12598,-0.49463,1.634,1.656,-0.458
2026-06-14 22:32:46.911,3359906367,94911,1,0.88354,-0.01685,0.61108,0.397,2.092,-0.084
2026-06-14 22:32:46.911,3359906367,94911,2,0.87183,-0.12549,-0.49292,0.282,1.702,-1.031
2026-06-14 22:32:46.111,3359905567,95111,1,0.88452,-0.00635,0.6062,-0.183,1.58,-0.191
2026-06-14 22:32:46.111,3359905567,95111,2,0.8689,-0.12646,-0.49731,0.382,1.626,-0.008
2026-06-14 22:32:46.311,3359905767,95311,1,0.88647,-0.00757,0.60718,-1.13,1.55,-0.42
2026-06-14 22:32:46.311,3359905767,95311,2,0.86475,-0.12891,-0.50122,0.275,1.672,1.229
2026-06-14 22:32:46.511,3359905967,95511,1,0.87842,-0.01489,0.59985,-1.069,-1.771,-0.588
2026-06-14 22:32:46.511,3359905967,95511,2,0.84814,-0.14429,-0.50586,1.389,-10.687,-0.802
2026-06-14 22:32:47.711,3359907167,95711,1,0.86987,-0.00391,0.58569,2.053,-6.351,-0.168
2026-06-14 22:32:47.711,3359907167,95711,2,0.86401,-0.16016,-0.54346,-9.916,-19.069,11.237
2026-06-14 22:32:47.911,3359907367,95911,1,0.927,-0.00391,0.53564,-2.679,-4.023,1.427
2026-06-14 22:32:47.911,3359907367,95911,2,0.81274,-0.14282,-0.56177,-9.336,-6.466,8.817
2026-06-14 22:32:47.111,3359906567,96111,1,0.89795,-0.0332,0.54175,-1.015,2.466,1.786
2026-06-14 22:32:47.111,3359906567,96111,2,0.7981,-0.16943,-0.5813,13.366,6.405,-0.947
2026-06-14 22:32:47.311,3359906767,96311,1,0.92505,-0.03809,0.52148,-0.061,4.511,-1.45
2026-06-14 22:32:47.311,3359906767,96311,2,0.79785,-0.16431,-0.58691,-0.557,4.466,3.626
2026-06-14 22:32:47.511,3359906967,96511,1,0.91382,-0.02466,0.54614,0.015,5.206,-3.191
2026-06-14 22:32:47.511,3359906967,96511,2,0.81201,-0.16846,-0.5647,0.954,6.45,-1.313
2026-06-14 22:32:48.711,3359908167,96711,1,0.9104,-0.00562,0.55322,5.137,4.664,0.328
2026-06-14 22:32:48.711,3359908167,96711,2,0.81152,-0.16089,-0.56006,0.573,2.031,-4.786
2026-06-14 22:32:48.911,3359908367,96911,1,0.90234,0.00464,0.56299,6.382,2.008,0.397
2026-06-14 22:32:48.911,3359908367,96911,2,0.81885,-0.16016,-0.55664,2.397,-0.977,-5.046
2026-06-14 22:32:48.111,3359907567,97111,1,0.92163,0.01465,0.54761,3.267,0.176,1.336
2026-06-14 22:32:48.111,3359907567,97111,2,0.82227,-0.15308,-0.55103,3.099,0.397,-3.405
2026-06-14 22:32:48.311,3359907767,97311,1,0.91895,0.01855,0.54468,1.718,3.366,2.779
2026-06-14 22:32:48.311,3359907767,97311,2,0.82007,-0.15088,-0.55225,1.366,4.748,0.031
2026-06-14 22:32:48.543,3359907999,97542,1,0.89819,0.00708,0.56567,0.099,4.237,0.702
2026-06-14 22:32:48.543,3359907999,97542,2,0.82251,-0.15527,-0.54688,1.061,2.13,0.168
2026-06-14 22:32:49.742,3359909198,97742,1,0.89771,0.00269,0.5708,-0.489,1.405,-0.084
2026-06-14 22:32:49.742,3359909198,97742,2,0.83276,-0.15894,-0.54297,1.366,0.061,0.29
2026-06-14 22:32:49.942,3359909398,97942,1,0.90015,0.00586,0.56396,-0.817,2.695,0.473
2026-06-14 22:32:49.942,3359909398,97942,2,0.83276,-0.16748,-0.53735,1.275,2.702,0.191
2026-06-14 22:32:49.222,3359908678,98222,1,0.90527,-0.01563,0.56934,1.298,4.458,0.817
2026-06-14 22:32:49.222,3359908678,98222,2,0.83325,-0.15894,-0.52905,0.046,4.74,-2.176
2026-06-14 22:32:49.494,3359908950,98494,1,0.89941,-0.0022,0.57642,1.084,4.748,0.702
2026-06-14 22:32:49.494,3359908950,98494,2,0.83423,-0.15747,-0.52441,0.519,4.916,-1.71
2026-06-14 22:32:50.694,3359910150,98694,1,0.88867,0.0061,0.57617,0.634,3.695,-0.115
2026-06-14 22:32:50.694,3359910150,98694,2,0.83984,-0.15723,-0.51587,-0.458,3.153,0.092
2026-06-14 22:32:50.929,3359910385,98929,1,0.89331,0.00439,0.5835,-0.267,2.321,0.191
2026-06-14 22:32:50.929,3359910385,98929,2,0.84155,-0.15552,-0.51465,-0.137,2.198,0.115
2026-06-14 22:32:50.129,3359909585,99129,1,0.8999,0.0022,0.5813,0.038,3.191,0.756
2026-06-14 22:32:50.129,3359909585,99129,2,0.84888,-0.15674,-0.51953,0.603,3.008,-0.092
2026-06-14 22:32:50.329,3359909785,99329,1,0.89844,0.00024,0.58179,1.534,4.786,0.748
2026-06-14 22:32:50.329,3359909785,99329,2,0.85791,-0.15942,-0.50415,0.756,5.603,-1.374
2026-06-14 22:32:51.615,3359911071,99615,1,0.89233,0.00122,0.59033,0.504,6.473,-0.237
2026-06-14 22:32:51.615,3359911071,99615,2,0.8811,-0.15869,-0.49316,0.672,10.115,-1.45
2026-06-14 22:32:51.815,3359911271,99815,1,0.92651,-0.00269,0.5769,1.183,15.885,1.168
2026-06-14 22:32:51.815,3359911271,99815,2,0.93481,-0.15674,-0.45483,-2.366,33.366,-5.305
2026-06-14 22:32:51.015,3359910471,100015,1,0.8894,-0.00757,0.44019,5.206,18.397,3.107
2026-06-14 22:32:51.015,3359910471,100015,2,1.03101,-0.13599,-0.27222,-2.489,91.611,-12.969
2026-06-14 22:32:51.225,3359910681,100225,1,0.55273,-0.02612,0.74146,7.939,95.214,16.718
2026-06-14 22:32:51.225,3359910681,100225,2,0.98633,-0.11304,0.0083,44.718,146.191,-10.901
2026-06-14 22:32:51.425,3359910881,100425,1,0.09375,0.05518,0.88208,27.901,134.046,23.244
2026-06-14 22:32:51.425,3359910881,100425,2,0.94019,0.11743,0.35059,53.511,137.565,-21.458
2026-06-14 22:32:52.625,3359912081,100625,1,-0.30078,0.02637,1.03296,-8.122,86.122,-3.405
2026-06-14 22:32:52.625,3359912081,100625,2,0.60498,0.13208,0.95361,11.214,88.74,-4.076
2026-06-14 22:32:52.854,3359912310,100854,1,-0.54858,-0.05859,1.09619,-15.863,40.275,1.321
2026-06-14 22:32:52.854,3359912310,100854,2,0.38354,0.14575,1.1023,7.084,31.366,1.618
2026-06-14 22:32:52.054,3359911510,101054,1,-0.53174,-0.02197,0.97925,-2.359,6.076,0.985
2026-06-14 22:32:52.054,3359911510,101054,2,0.38062,0.10693,1.08179,-7.985,3.748,8.527
2026-06-14 22:32:52.254,3359911710,101254,1,-0.49365,-0.01221,0.91626,-8.237,-15.336,-5.832
2026-06-14 22:32:52.254,3359911710,101254,2,0.48242,0.0686,1.03174,-1.366,-6.809,-8.183
2026-06-14 22:32:52.472,3359911928,101472,1,-0.39746,-0.05859,1.00732,3.092,-9.977,-8.473
2026-06-14 22:32:52.472,3359911928,101472,2,0.44043,0.15381,1.05566,7.809,-19.084,-6.13
2026-06-14 22:32:53.672,3359913128,101672,1,-0.4021,-0.05615,1.09375,14.603,-37.038,-7.55
2026-06-14 22:32:53.672,3359913128,101672,2,0.60059,0.07227,0.98779,-16.557,-56.542,9.687
2026-06-14 22:32:53.872,3359913328,101872,1,-0.19604,-0.03979,1.07007,15.008,-57.389,4.137
2026-06-14 22:32:53.872,3359913328,101872,2,0.83032,-0.00854,0.66089,-22.031,-97.901,13.809
2026-06-14 22:32:53.123,3359912579,102123,1,0.08472,-0.01343,1.00879,14.542,-87.221,-7.084
2026-06-14 22:32:53.123,3359912579,102123,2,0.93188,-0.0105,0.38159,-34.939,-110.725,-7.282
2026-06-14 22:32:53.323,3359912779,102323,1,0.41357,0.07007,0.87988,-5.863,-83.107,-11.405
2026-06-14 22:32:53.323,3359912779,102323,2,1.0166,-0.09277,-0.06104,-25.511,-98.015,7.229
2026-06-14 22:32:53.523,3359912979,102523,1,0.7937,0.10254,0.60449,-10.298,-71.298,-20.427
2026-06-14 22:32:53.523,3359912979,102523,2,1.0332,-0.1272,-0.3728,-4.748,-57.565,11.573
2026-06-14 22:32:54.723,3359914179,102723,1,0.92212,0.09302,0.53735,7.061,-11.916,5.153
2026-06-14 22:32:54.723,3359914179,102723,2,0.9519,-0.09546,-0.35718,-42.931,5.282,-28.588
2026-06-14 22:32:54.923,3359914379,102923,1,0.87183,0.04419,0.58569,-5.344,34.198,2.924
2026-06-14 22:32:54.923,3359914379,102923,2,0.99536,-0.13354,-0.20898,-14.061,65.794,1.695
2026-06-14 22:32:54.135,3359913591,103135,1,0.61353,0.08081,0.62573,-7.824,82.779,20.962
2026-06-14 22:32:54.135,3359913591,103135,2,1.1023,-0.17798,0.30029,35.405,106.298,-6.855
2026-06-14 22:32:54.341,3359913797,103341,1,0.23657,0.00732,0.91724,17.366,109.863,9.252
2026-06-14 22:32:54.341,3359913797,103341,2,1.02588,0.22266,0.75049,71.031,98.069,-23.076
2026-06-14 22:32:54.541,3359913997,103541,1,0.00024,-0.00684,0.93433,-31.069,123.824,-5.763
2026-06-14 22:32:54.541,3359913997,103541,2,0.74731,0.08105,0.85938,-2.344,76.046,-13.168
2026-06-14 22:32:55.772,3359915228,103772,1,-0.26758,-0.06445,1.06909,-7.168,47.679,3.176
2026-06-14 22:32:55.772,3359915228,103772,2,0.58252,0.13208,0.94629,0.229,42.664,-7.695
2026-06-14 22:32:55.972,3359915428,103972,1,-0.39111,-0.09253,1.06567,0.42,24.817,7.191
2026-06-14 22:32:55.972,3359915428,103972,2,0.50757,0.13184,1.01001,-0.573,17.87,-2.733
2026-06-14 22:32:55.172,3359914628,104172,1,-0.3894,-0.10254,0.95898,-5.275,11.786,2.237
2026-06-14 22:32:55.172,3359914628,104172,2,0.49609,0.11328,1.00293,-17.061,27.534,-0.412
2026-06-14 22:32:55.396,3359914852,104396,1,-0.41724,-0.08154,0.88354,-7.901,14.573,0.649
2026-06-14 22:32:55.396,3359914852,104396,2,0.38916,0.11279,1.01782,0.496,24.084,-0.702
2026-06-14 22:32:56.596,3359916052,104596,1,-0.57056,-0.13647,0.90234,1.237,20.771,6.305
2026-06-14 22:32:56.596,3359916052,104596,2,0.27271,0.12256,1.14258,14.87,-34.664,-6.061
2026-06-14 22:32:56.807,3359916263,104807,1,-0.55811,-0.09375,1.0,12.099,-37.611,1.969
2026-06-14 22:32:56.807,3359916263,104807,2,0.73218,0.03589,0.78442,-20.878,-110.0,22.939
2026-06-14 22:32:56.180,3359915636,105180,1,0.03125,-0.08203,0.99438,5.069,-90.786,-0.565
2026-06-14 22:32:56.180,3359915636,105180,2,0.99487,-0.06274,0.29883,-27.443,-129.534,5.817
2026-06-14 22:32:56.380,3359915836,105380,1,0.34717,-0.04761,0.82056,-1.794,-111.336,-12.473
2026-06-14 22:32:56.380,3359915836,105380,2,0.99438,-0.09106,-0.02856,-7.29,-121.076,7.908
2026-06-14 22:32:57.580,3359917036,105580,1,0.70557,0.03784,0.73535,-5.458,-58.565,-12.336
2026-06-14 22:32:57.580,3359917036,105580,2,1.03101,-0.10986,-0.29639,-16.985,-78.427,12.878
2026-06-14 22:32:57.801,3359917257,105800,1,0.93359,0.00098,0.55542,9.099,-21.168,0.74
2026-06-14 22:32:57.801,3359917257,105800,2,1.00317,-0.2334,-0.5376,-75.298,-3.366,-37.198
2026-06-14 22:32:57.000,3359916456,106000,1,0.90112,0.00098,0.57544,-17.198,-8.702,-4.908
2026-06-14 22:32:57.000,3359916456,106000,2,0.95483,-0.12402,-0.37695,4.183,-6.443,2.053
2026-06-14 22:32:57.200,3359916656,106200,1,0.89551,0.00732,0.56909,0.87,0.359,-0.84
2026-06-14 22:32:57.200,3359916656,106200,2,0.91675,-0.13452,-0.42749,-2.832,0.809,5.069
2026-06-14 22:32:57.414,3359916870,106413,1,0.91724,-0.00073,0.56763,0.015,1.992,-1.847
2026-06-14 22:32:57.414,3359916870,106413,2,0.90796,-0.1355,-0.41626,-1.504,3.954,-4.557
2026-06-14 22:32:58.626,3359918082,106626,1,0.89966,0.01294,0.57251,1.947,-0.527,-1.282
2026-06-14 22:32:58.626,3359918082,106626,2,0.91968,-0.13794,-0.41284,1.046,-3.626,0.107
2026-06-14 22:32:58.826,3359918282,106826,1,0.90161,0.0188,0.5625,1.252,-1.176,-1.099
2026-06-14 22:32:58.826,3359918282,106826,2,0.90259,-0.1416,-0.42969,-3.771,-6.947,5.702
2026-06-14 22:32:58.026,3359917482,107026,1,0.91675,0.01611,0.54517,-2.641,-1.489,-2.466
2026-06-14 22:32:58.026,3359917482,107026,2,0.87988,-0.14575,-0.45874,-4.405,-5.466,5.534
2026-06-14 22:32:58.226,3359917682,107226,1,0.94238,0.01636,0.51611,-7.427,-5.916,-3.336
2026-06-14 22:32:58.226,3359917682,107226,2,0.87793,-0.17114,-0.48169,-5.511,-6.779,5.977
2026-06-14 22:32:58.426,3359917882,107426,1,0.94531,0.00269,0.49951,-1.87,1.603,1.466
2026-06-14 22:32:58.426,3359917882,107426,2,0.87354,-0.18384,-0.49854,1.664,0.992,1.221
2026-06-14 22:32:59.658,3359919114,107658,1,0.93018,-0.0083,0.51025,3.122,2.267,2.763
2026-06-14 22:32:59.658,3359919114,107658,2,0.86353,-0.18555,-0.48608,-0.947,-2.0,-3.008
2026-06-14 22:32:59.858,3359919314,107858,1,0.93481,0.01074,0.49414,1.206,-0.092,0.595
2026-06-14 22:32:59.858,3359919314,107858,2,0.86279,-0.16968,-0.48877,0.29,-0.374,-0.374
2026-06-14 22:32:59.058,3359918514,108058,1,0.93433,0.0127,0.50586,-0.153,1.305,-0.412
2026-06-14 22:32:59.058,3359918514,108058,2,0.87378,-0.17017,-0.49243,-0.351,1.802,-0.023
2026-06-14 22:32:59.336,3359918792,108336,1,0.93994,0.00659,0.5105,-0.557,4.412,-0.855
2026-06-14 22:32:59.336,3359918792,108336,2,0.86646,-0.17188,-0.48633,0.954,3.802,-0.237
2026-06-14 22:32:59.536,3359918992,108536,1,0.93115,0.01416,0.5127,2.153,4.153,0.916
2026-06-14 22:32:59.536,3359918992,108536,2,0.87329,-0.18628,-0.47241,4.115,7.076,0.435
2026-06-14 22:33:00.736,3359920192,108736,1,0.92017,-0.01074,0.52686,2.618,4.076,4.511
2026-06-14 22:33:00.736,3359920192,108736,2,0.88818,-0.18091,-0.4624,3.847,4.061,-3.916
2026-06-14 22:33:00.948,3359920404,108948,1,0.93237,0.00269,0.52026,3.473,2.954,2.107
2026-06-14 22:33:00.948,3359920404,108948,2,0.88403,-0.17603,-0.45654,4.618,3.718,-2.687
2026-06-14 22:33:00.148,3359919604,109148,1,0.93652,0.01221,0.52661,3.519,4.099,1.519
2026-06-14 22:33:00.148,3359919604,109148,2,0.8894,-0.17432,-0.44727,2.153,5.023,-1.527
2026-06-14 22:33:00.348,3359919804,109348,1,0.91699,0.00024,0.53564,1.489,3.313,0.351
2026-06-14 22:33:00.348,3359919804,109348,2,0.89478,-0.17114,-0.43677,2.412,3.206,-0.031
2026-06-14 22:33:01.587,3359921043,109587,1,0.92407,0.00195,0.53809,1.26,3.366,0.878
2026-06-14 22:33:01.587,3359921043,109587,2,0.89868,-0.1748,-0.45801,0.168,2.435,-0.771
2026-06-14 22:33:01.787,3359921243,109787,1,0.91943,-0.00342,0.54224,0.695,4.176,0.763
2026-06-14 22:33:01.787,3359921243,109787,2,0.90845,-0.18677,-0.43408,2.122,3.053,-1.962
2026-06-14 22:33:01.999,3359921455,109999,1,0.91431,0.00415,0.54932,1.26,4.237,0.679
2026-06-14 22:33:01.999,3359921455,109999,2,0.90405,-0.1709,-0.4209,-1.321,2.13,-0.45
2026-06-14 22:33:01.221,3359920677,110221,1,0.9126,0.01367,0.55762,-0.489,0.504,-0.237
2026-06-14 22:33:01.221,3359920677,110221,2,0.91235,-0.17651,-0.41846,-1.466,0.229,-0.832
2026-06-14 22:33:01.421,3359920877,110421,1,0.91675,0.00244,0.54395,-1.038,1.29,-0.427
2026-06-14 22:33:01.421,3359920877,110421,2,0.90991,-0.17163,-0.42773,-1.802,0.176,0.695
2026-06-14 22:33:02.621,3359922077,110621,1,0.91455,0.00488,0.53979,-0.252,2.13,0.664
2026-06-14 22:33:02.621,3359922077,110621,2,0.90308,-0.17334,-0.43872,-0.084,1.29,0.313
2026-06-14 22:33:02.821,3359922277,110821,1,0.9126,-0.00928,0.53174,0.466,1.641,0.58
2026-06-14 22:33:02.821,3359922277,110821,2,0.90698,-0.17212,-0.43506,0.893,1.206,-1.389
2026-06-14 22:33:02.040,3359921496,111040,1,0.91846,-0.00488,0.54565,1.031,2.542,1.481
2026-06-14 22:33:02.040,3359921496,111040,2,0.90918,-0.1731,-0.42529,1.634,2.893,-0.565
2026-06-14 22:33:02.240,3359921696,111240,1,0.91479,0.00098,0.54736,0.481,2.748,0.481
2026-06-14 22:33:02.240,3359921696,111240,2,0.9021,-0.16992,-0.43433,0.565,3.061,0.267
2026-06-14 22:33:02.464,3359921920,111464,1,0.91309,-0.00659,0.55322,0.45,2.901,-0.809
2026-06-14 22:33:02.464,3359921920,111464,2,0.90649,-0.17017,-0.42358,0.344,2.466,-0.603
2026-06-14 22:33:03.664,3359923120,111664,1,0.91333,-0.0105,0.54736,1.504,2.771,-0.008
2026-06-14 22:33:03.664,3359923120,111664,2,0.90527,-0.17114,-0.41797,1.618,1.191,0.366
2026-06-14 22:33:03.864,3359923320,111864,1,0.91064,-0.0105,0.55762,0.214,1.702,0.695
2026-06-14 22:33:03.864,3359923320,111864,2,0.90381,-0.18237,-0.43628,-1.626,-0.458,-1.229
2026-06-14 22:33:03.072,3359922528,112072,1,0.91504,0.00244,0.5498,-0.443,1.626,-1.015
2026-06-14 22:33:03.072,3359922528,112072,2,0.90527,-0.17188,-0.42432,-0.679,0.58,0.122
2026-06-14 22:33:03.272,3359922728,112272,1,0.91479,-0.00928,0.54004,-0.885,2.252,-0.702
2026-06-14 22:33:03.272,3359922728,112272,2,0.90576,-0.17505,-0.43774,1.092,2.504,-0.298
2026-06-14 22:33:03.472,3359922928,112472,1,0.91895,0.00024,0.55176,1.527,2.29,0.046
2026-06-14 22:33:03.472,3359922928,112472,2,0.90576,-0.17407,-0.42554,0.58,1.649,-0.954
2026-06-14 22:33:04.788,3359924244,112788,1,0.91602,0.00635,0.55591,0.305,4.023,0.153
2026-06-14 22:33:04.788,3359924244,112788,2,0.91675,-0.17749,-0.42188,2.298,5.618,-0.504
2026-06-14 22:33:04.988,3359924444,112988,1,0.92529,0.00195,0.54272,0.046,8.473,1.588
2026-06-14 22:33:04.988,3359924444,112988,2,0.92432,-0.16992,-0.41113,3.0,9.084,-0.977
2026-06-14 22:33:04.188,3359923644,113188,1,0.90967,-0.00024,0.54565,0.794,20.282,3.595
2026-06-14 22:33:04.188,3359923644,113188,2,1.02124,-0.16772,-0.3396,-1.16,42.763,-9.069
2026-06-14 22:33:04.433,3359923889,113433,1,0.84448,-0.03369,0.60669,5.008,76.74,9.374
2026-06-14 22:33:04.433,3359923889,113433,2,1.03467,-0.12329,-0.1438,-1.817,68.214,-25.183
2026-06-14 22:33:05.633,3359925089,113633,1,0.45166,0.03833,0.66479,12.855,122.038,24.229
2026-06-14 22:33:05.633,3359925089,113633,2,0.8606,-0.00928,0.03101,-10.206,130.664,2.229
2026-06-14 22:33:05.833,3359925289,113833,1,0.02563,0.00635,0.89746,7.74,115.076,22.198
2026-06-14 22:33:05.833,3359925289,113833,2,0.85693,0.02246,0.6355,31.924,134.344,-8.214
2026-06-14 22:33:05.045,3359924501,114044,1,-0.323,-0.10376,1.10767,-10.321,71.153,4.725
2026-06-14 22:33:05.045,3359924501,114044,2,0.59668,0.0752,0.98706,18.84,84.618,-5.458
2026-06-14 22:33:05.244,3359924700,114244,1,-0.46802,-0.10205,1.04517,-3.176,32.725,7.695
2026-06-14 22:33:05.244,3359924700,114244,2,0.39185,0.12842,1.07544,8.115,28.29,5.771
2026-06-14 22:33:05.476,3359924932,114476,1,-0.55713,-0.16895,1.02368,-7.336,2.771,3.969
2026-06-14 22:33:05.476,3359924932,114476,2,0.41675,-0.02197,1.02539,-23.282,-10.901,13.176
2026-06-14 22:33:06.741,3359926197,114741,1,-0.41577,-0.18237,1.06763,11.817,-5.939,1.969
2026-06-14 22:33:06.741,3359926197,114741,2,0.46558,0.08105,1.04956,-19.344,-41.305,-0.008
2026-06-14 22:33:06.941,3359926397,114941,1,-0.34155,-0.15161,1.07373,9.397,-39.023,-9.344
2026-06-14 22:33:06.941,3359926397,114941,2,0.65771,-0.00391,0.94409,-14.908,-79.863,-0.504
2026-06-14 22:33:06.141,3359925597,115141,1,-0.18945,-0.12939,1.05298,18.252,-91.397,-6.229
2026-06-14 22:33:06.141,3359925597,115141,2,0.82715,-0.03662,0.66455,-15.427,-120.29,1.832
2026-06-14 22:33:06.341,3359925797,115341,1,0.16943,-0.08691,0.91064,27.191,-93.122,-13.519
2026-06-14 22:33:06.341,3359925797,115341,2,1.03687,-0.05176,0.08545,-41.985,-107.824,5.664
2026-06-14 22:33:06.541,3359925997,115541,1,0.49683,-0.02295,0.76855,-17.916,-85.321,-27.718
2026-06-14 22:33:06.541,3359925997,115541,2,1.12476,-0.24829,-0.33569,-42.298,-123.748,-0.664
2026-06-14 22:33:07.741,3359927197,115741,1,0.88721,0.00513,0.56274,10.511,-41.42,-4.595
2026-06-14 22:33:07.741,3359927197,115741,2,0.97803,-0.02954,-0.30273,28.618,-10.206,-19.817
2026-06-14 22:33:07.941,3359927397,115941,1,0.88623,0.05811,0.59888,0.573,27.099,15.84
2026-06-14 22:33:07.941,3359927397,115941,2,1.05225,0.15356,-0.323,36.313,74.282,-12.763
2026-06-14 22:33:07.141,3359926597,116141,1,0.30908,0.09741,0.59692,-43.809,68.58,-4.351
2026-06-14 22:33:07.141,3359926597,116141,2,0.8606,-0.36084,0.06152,-17.664,32.954,21.611
2026-06-14 22:33:07.341,3359926797,116341,1,0.48853,-0.07178,0.94604,-17.718,12.649,-12.817
2026-06-14 22:33:07.341,3359926797,116341,2,0.93384,-0.10547,0.05176,-13.458,-3.435,-5.008
2026-06-14 22:33:07.541,3359926997,116541,1,0.48926,-0.0813,0.97144,-10.786,-6.58,-20.817
2026-06-14 22:33:07.541,3359926997,116541,2,1.1355,-0.20752,0.00269,-29.931,-14.229,-3.939
2026-06-14 22:33:08.783,3359928239,116783,1,0.69995,-0.06689,1.00171,0.038,-26.313,-10.206
2026-06-14 22:33:08.783,3359928239,116783,2,1.23096,-0.19995,-0.07886,-2.969,-22.733,-3.038
2026-06-14 22:33:08.983,3359928439,116983,1,0.80273,-0.04419,0.99487,2.374,-0.84,5.397
2026-06-14 22:33:08.983,3359928439,116983,2,1.23389,-0.09009,-0.11548,19.649,-3.542,-8.374
2026-06-14 22:33:08.183,3359927639,117183,1,0.65381,-0.03516,0.76001,16.443,5.092,17.145
2026-06-14 22:33:08.183,3359927639,117183,2,1.04126,-0.10327,-0.09961,8.382,10.687,-6.588
2026-06-14 22:33:08.502,3359927958,117502,1,0.70923,0.01733,0.76831,-1.229,14.84,-9.008
2026-06-14 22:33:08.502,3359927958,117502,2,1.03223,-0.13086,-0.04199,-2.977,13.107,1.527
2026-06-14 22:33:09.702,3359929158,117702,1,0.65649,-0.01196,0.84131,2.023,11.435,6.695
2026-06-14 22:33:09.702,3359929158,117702,2,1.05811,-0.12817,0.02783,-2.733,6.763,0.656
2026-06-14 22:33:09.902,3359929358,117902,1,0.57495,-0.00952,0.91626,0.458,-3.344,7.191
2026-06-14 22:33:09.902,3359929358,117902,2,1.04175,-0.1189,0.01978,-9.695,-13.763,6.855
2026-06-14 22:33:09.102,3359928558,118102,1,0.64453,-0.02661,0.8252,3.534,-7.794,1.405
2026-06-14 22:33:09.102,3359928558,118102,2,1.04639,-0.11157,-0.03198,-2.519,-0.397,-4.076
2026-06-14 22:33:09.303,3359928759,118302,1,0.6582,-0.0415,0.85278,0.45,3.809,-1.229
2026-06-14 22:33:09.303,3359928759,118302,2,1.03687,-0.09766,-0.03955,0.305,2.382,3.84
2026-06-14 22:33:09.502,3359928958,118502,1,0.63843,-0.04639,0.84741,5.359,3.153,-2.29
2026-06-14 22:33:09.502,3359928958,118502,2,1.06006,-0.10718,-0.02856,8.756,6.534,-7.718
2026-06-14 22:33:10.740,3359930196,118739,1,0.67261,-0.02344,0.84229,4.916,4.099,2.824
2026-06-14 22:33:10.740,3359930196,118739,2,1.0603,-0.1062,-0.04102,6.29,10.153,-2.832
2026-06-14 22:33:10.939,3359930395,118939,1,0.65234,-0.00293,0.87524,8.954,9.313,4.366
2026-06-14 22:33:10.939,3359930395,118939,2,1.02612,-0.05762,0.03247,-1.71,14.435,-0.473
2026-06-14 22:33:10.139,3359929595,119139,1,0.70313,0.01147,0.86987,-12.504,11.145,-11.137
2026-06-14 22:33:10.139,3359929595,119139,2,1.42603,-0.13354,0.12671,-15.389,39.817,-2.992
2026-06-14 22:33:10.373,3359929829,119373,1,0.59644,-0.09717,1.12109,-13.992,25.573,-17.267
2026-06-14 22:33:10.373,3359929829,119373,2,1.08008,-0.18213,0.27368,13.763,21.038,1.679
2026-06-14 22:33:11.573,3359931029,119573,1,0.49878,-0.01733,1.11328,8.641,-3.634,1.031
2026-06-14 22:33:11.573,3359931029,119573,2,1.08789,-0.13306,0.28882,7.802,-10.389,2.916
2026-06-14 22:33:11.773,3359931229,119773,1,0.52466,-0.03198,1.0647,-0.573,-17.031,0.702
2026-06-14 22:33:11.773,3359931229,119773,2,1.06104,-0.13623,0.11548,2.344,-68.916,8.786
2026-06-14 22:33:11.973,3359931429,119973,1,0.5874,0.00732,0.76074,6.45,-52.824,2.046
2026-06-14 22:33:11.973,3359931429,119973,2,0.79565,-0.1123,-0.08032,-32.374,-79.382,23.023
2026-06-14 22:33:11.173,3359930629,120173,1,0.4624,0.01953,0.41577,15.252,-50.313,5.618
2026-06-14 22:33:11.173,3359930629,120173,2,0.74951,-0.17139,-0.05103,-1.374,-81.481,0.374
2026-06-14 22:33:11.373,3359930829,120373,1,0.88428,-0.04614,0.59619,7.679,-18.336,11.298
2026-06-14 22:33:11.373,3359930829,120373,2,0.88965,-0.24976,-0.5332,-14.084,-21.252,2.13
2026-06-14 22:33:12.613,3359932069,120613,1,0.89502,0.02222,0.5249,0.756,-4.298,-3.977
2026-06-14 22:33:12.613,3359932069,120613,2,0.83203,-0.19604,-0.61084,-10.42,-21.427,8.16
2026-06-14 22:33:12.813,3359932269,120813,1,0.92969,-0.00269,0.51489,2.992,2.511,-0.924
2026-06-14 22:33:12.813,3359932269,120813,2,0.77954,-0.16602,-0.59595,6.916,-1.298,-2.13
2026-06-14 22:33:12.013,3359931469,121013,1,0.91431,0.01489,0.54443,7.649,7.542,2.412
2026-06-14 22:33:12.013,3359931469,121013,2,0.78442,-0.15796,-0.57959,-14.634,2.664,7.42
2026-06-14 22:33:12.233,3359931689,121233,1,0.9209,0.01416,0.54932,-9.511,5.053,-6.145
2026-06-14 22:33:12.233,3359931689,121233,2,0.7771,-0.2168,-0.55298,-7.26,5.786,12.16
2026-06-14 22:33:12.433,3359931889,121433,1,0.90405,-0.01465,0.56445,-1.26,0.122,1.916
2026-06-14 22:33:12.433,3359931889,121433,2,0.79956,-0.18506,-0.54712,15.221,0.511,0.038
2026-06-14 22:33:13.633,3359933089,121633,1,0.92749,0.00464,0.53296,8.244,1.656,7.618
2026-06-14 22:33:13.633,3359933089,121633,2,0.81567,-0.18677,-0.53857,-2.023,3.534,-4.336
2026-06-14 22:33:13.852,3359933308,121852,1,0.91357,0.00806,0.54834,-0.893,1.519,1.595
2026-06-14 22:33:13.852,3359933308,121852,2,0.81396,-0.17822,-0.55713,-0.511,0.565,0.588
2026-06-14 22:33:13.052,3359932508,122052,1,0.9187,-0.01294,0.53076,0.954,1.511,3.015
2026-06-14 22:33:13.052,3359932508,122052,2,0.81787,-0.17212,-0.55249,-0.893,1.557,-3.611
2026-06-14 22:33:13.252,3359932708,122252,1,0.91187,-0.01074,0.5481,2.046,2.16,1.221
2026-06-14 22:33:13.252,3359932708,122252,2,0.81934,-0.15308,-0.55713,1.252,0.595,-1.794
2026-06-14 22:33:13.496,3359932952,122496,1,0.91553,-0.00366,0.54492,1.008,2.611,-0.901
2026-06-14 22:33:13.496,3359932952,122496,2,0.81689,-0.16504,-0.56592,-1.435,-0.824,0.26
2026-06-14 22:33:14.716,3359934172,122715,1,0.91772,-0.00293,0.54785,3.519,1.718,1.206
2026-06-14 22:33:14.716,3359934172,122715,2,0.81494,-0.16211,-0.5708,2.687,-0.282,-2.45
2026-06-14 22:33:14.915,3359934371,122915,1,0.92627,0.00146,0.54102,1.847,0.656,1.092
2026-06-14 22:33:14.915,3359934371,122915,2,0.80908,-0.16138,-0.56152,1.611,-0.122,-1.809
2026-06-14 22:33:14.115,3359933571,123115,1,0.9165,-0.00391,0.53613,2.405,1.336,0.847
2026-06-14 22:33:14.115,3359933571,123115,2,0.8103,-0.16943,-0.56958,-0.992,0.015,0.878
2026-06-14 22:33:14.403,3359933859,123403,1,0.92603,0.00562,0.52783,-1.16,1.145,-1.359
2026-06-14 22:33:14.403,3359933859,123403,2,0.79639,-0.16895,-0.58765,-2.481,-0.115,2.0
2026-06-14 22:33:15.638,3359935094,123638,1,0.92603,0.00879,0.52637,-0.168,2.565,-0.626
2026-06-14 22:33:15.638,3359935094,123638,2,0.79126,-0.17432,-0.58008,3.115,0.443,-1.885
2026-06-14 22:33:15.955,3359935411,123955,1,0.92529,-0.00635,0.5249,3.931,1.824,1.977
2026-06-14 22:33:15.955,3359935411,123955,2,0.79297,-0.15845,-0.59058,2.328,1.069,-4.405
2026-06-14 22:33:15.186,3359934642,124185,1,0.93188,-0.00342,0.51147,1.649,2.359,1.122
2026-06-14 22:33:15.186,3359934642,124185,2,0.79053,-0.16357,-0.5957,1.504,2.336,-0.924
2026-06-14 22:33:15.385,3359934841,124385,1,0.93555,0.00635,0.5166,-0.534,2.206,0.244
2026-06-14 22:33:15.385,3359934841,124385,2,0.78955,-0.16016,-0.5874,-0.557,2.053,0.916
2026-06-14 22:33:16.585,3359936041,124585,1,0.92896,0.00171,0.52368,-1.855,3.084,-0.412
2026-06-14 22:33:16.585,3359936041,124585,2,0.79004,-0.17114,-0.58936,1.87,3.557,-0.382
2026-06-14 22:33:16.869,3359936325,124869,1,0.92261,-0.00269,0.53052,0.908,3.107,1.947
2026-06-14 22:33:16.869,3359936325,124869,2,0.79712,-0.16479,-0.58057,1.26,0.786,-1.282
2026-06-14 22:33:16.168,3359935624,125168,1,0.92383,-0.00391,0.51807,1.305,1.878,0.84
2026-06-14 22:33:16.168,3359935624,125168,2,0.79077,-0.16016,-0.58984,-0.618,-0.756,-0.053
2026-06-14 22:33:16.368,3359935824,125368,1,0.92822,0.00391,0.52246,0.695,1.885,0.29
2026-06-14 22:33:16.368,3359935824,125368,2,0.79565,-0.16699,-0.5896,-0.053,2.214,0.389
2026-06-14 22:33:16.568,3359936024,125568,1,0.92896,-0.0105,0.5144,0.641,2.0,0.634
2026-06-14 22:33:16.568,3359936024,125568,2,0.79004,-0.16626,-0.58887,0.977,2.069,-0.397
2026-06-14 22:33:17.809,3359937265,125809,1,0.92578,-0.0105,0.5293,0.885,2.023,-0.412
2026-06-14 22:33:17.809,3359937265,125809,2,0.79199,-0.17163,-0.5874,1.809,3.344,-0.634
2026-06-14 22:33:17.016,3359936472,126016,1,0.92749,-0.00244,0.51758,-0.252,3.389,0.031
2026-06-14 22:33:17.016,3359936472,126016,2,0.79932,-0.17651,-0.59229,2.298,3.168,-0.672
2026-06-14 22:33:17.218,3359936674,126218,1,0.93091,-0.00488,0.53271,1.687,3.412,0.794
2026-06-14 22:33:17.218,3359936674,126218,2,0.79785,-0.16577,-0.57983,1.206,2.397,-1.702
2026-06-14 22:33:17.418,3359936874,126418,1,0.92432,0.00024,0.52661,0.908,2.611,0.664
2026-06-14 22:33:17.418,3359936874,126418,2,0.79834,-0.1626,-0.57886,0.71,3.0,-0.031
2026-06-14 22:33:18.659,3359938115,126659,1,0.93213,-0.00439,0.52563,-0.626,5.389,-0.924
2026-06-14 22:33:18.659,3359938115,126659,2,0.8125,-0.1709,-0.56494,-0.748,8.191,0.328
2026-06-14 22:33:18.891,3359938347,126891,1,0.91357,0.01587,0.55005,-3.298,7.351,-3.046
2026-06-14 22:33:18.891,3359938347,126891,2,0.81641,-0.17554,-0.54663,-0.779,5.733,2.908
2026-06-14 22:33:18.091,3359937547,127091,1,0.90454,-0.01099,0.55884,-2.069,3.26,-0.656
2026-06-14 22:33:18.091,3359937547,127091,2,0.83813,-0.18213,-0.52051,-1.244,7.427,1.618
2026-06-14 22:33:18.291,3359937747,127291,1,0.91064,-0.01685,0.56909,8.038,15.489,7.275
2026-06-14 22:33:18.291,3359937747,127291,2,0.77197,-0.0979,-0.53394,16.42,9.481,-14.702
2026-06-14 22:33:18.491,3359937947,127491,1,0.9043,-0.00122,0.5459,8.282,5.84,5.489
2026-06-14 22:33:18.491,3359937947,127491,2,0.90137,-0.15918,-0.44043,0.328,6.321,-0.153
2026-06-14 22:33:19.691,3359939147,127691,1,0.89478,-0.01123,0.57227,2.214,2.626,1.87
2026-06-14 22:33:19.691,3359939147,127691,2,0.90942,-0.16455,-0.42725,2.328,3.481,-1.656
2026-06-14 22:33:19.891,3359939347,127891,1,0.90137,-0.01465,0.57886,0.794,2.695,0.405
2026-06-14 22:33:19.891,3359939347,127891,2,0.92358,-0.15942,-0.41846,2.389,6.374,-1.565
2026-06-14 22:33:19.141,3359938597,128141,1,0.91797,-0.00562,0.56323,0.641,8.687,0.069
2026-06-14 22:33:19.141,3359938597,128141,2,0.97656,-0.14551,-0.39624,-7.008,28.405,-9.458
2026-06-14 22:33:19.449,3359938905,128449,1,0.85205,-0.00391,0.59619,-2.878,58.198,0.809
2026-06-14 22:33:19.449,3359938905,128449,2,0.83057,-0.04785,0.07202,-32.924,60.557,-16.374
2026-06-14 22:33:20.099,3359939555,129099,1,0.37109,0.01001,1.02783,-10.817,-1.504,-7.137
2026-06-14 22:33:20.099,3359939555,129099,2,1.23462,-0.09863,0.37646,23.29,-3.023,1.374
2026-06-14 22:33:20.432,3359939888,129432,1,0.49341,-0.06567,1.18091,-1.55,-27.947,-4.595
2026-06-14 22:33:20.432,3359939888,129432,2,1.3103,-0.03491,0.21094,18.053,-10.908,-13.595
2026-06-14 22:33:21.893,3359941349,129892,1,0.54175,0.05151,0.94678,31.115,3.336,10.58
2026-06-14 22:33:21.893,3359941349,129892,2,1.02344,-0.02222,0.20313,-8.573,9.389,7.695
2026-06-14 22:33:21.092,3359940548,130092,1,0.56104,-0.26953,0.85889,-46.634,0.588,-36.786
2026-06-14 22:33:21.092,3359940548,130092,2,1.13501,-0.29761,0.15283,12.45,17.992,-18.084
2026-06-14 22:33:21.292,3359940748,130292,1,0.70874,-0.11353,1.10156,-41.099,18.58,-16.489
2026-06-14 22:33:21.292,3359940748,130292,2,1.19727,-0.0542,0.20898,1.244,49.351,7.664
2026-06-14 22:33:21.518,3359940974,130518,1,0.42358,-0.20313,1.11426,-17.252,44.031,-7.038
2026-06-14 22:33:21.518,3359940974,130518,2,1.07666,-0.15234,0.36743,-0.382,27.168,5.038
2026-06-14 22:33:22.718,3359942174,130718,1,0.4082,-0.1521,0.91113,-25.725,0.878,-22.702
2026-06-14 22:33:22.718,3359942174,130718,2,0.96387,-0.17822,0.40942,-6.458,33.901,7.679
2026-06-14 22:33:22.918,3359942374,130918,1,0.33252,-0.09839,1.18237,21.58,25.817,12.595
2026-06-14 22:33:22.918,3359942374,130918,2,1.00659,-0.07471,0.44629,20.718,-34.962,-3.824
2026-06-14 22:33:22.118,3359941574,131118,1,0.32446,-0.03296,0.98804,6.55,-21.351,5.71
2026-06-14 22:33:22.118,3359941574,131118,2,0.81396,-0.04639,0.26294,-12.687,-55.794,3.374
2026-06-14 22:33:22.318,3359941774,131318,1,0.302,0.0083,0.677,6.023,-84.855,-17.015
2026-06-14 22:33:22.318,3359941774,131318,2,0.89478,-0.12891,0.05005,-42.481,-101.786,12.115
2026-06-14 22:33:22.518,3359941974,131518,1,0.90088,0.02393,0.58887,7.832,-51.267,-6.718
2026-06-14 22:33:22.518,3359941974,131518,2,0.87427,-0.38428,-0.29517,-23.786,-51.443,38.786
2026-06-14 22:33:23.769,3359943225,131769,1,0.88208,0.07104,0.61328,20.282,50.832,19.031
2026-06-14 22:33:23.769,3359943225,131769,2,1.01514,-0.14087,-0.19312,32.908,47.687,-4.794
2026-06-14 22:33:23.969,3359943425,131969,1,0.70166,0.02808,0.71118,-0.298,74.412,31.359
2026-06-14 22:33:23.969,3359943425,131969,2,1.04248,-0.14844,-0.06763,29.122,70.649,5.695
2026-06-14 22:33:23.169,3359942625,132169,1,0.3999,-0.02173,0.802,29.802,103.885,48.947
2026-06-14 22:33:23.169,3359942625,132169,2,0.78052,-0.03198,0.07764,68.168,119.824,-1.779
2026-06-14 22:33:23.373,3359942829,132373,1,-0.09692,-0.14551,1.02368,-20.42,102.237,24.969
2026-06-14 22:33:23.373,3359942829,132373,2,0.92041,-0.0647,0.55933,33.763,117.038,-12.802
2026-06-14 22:33:24.573,3359944029,132573,1,-0.30811,-0.23828,1.03711,-25.374,81.366,18.443
2026-06-14 22:33:24.573,3359944029,132573,2,0.69385,0.01514,0.86255,14.824,82.115,0.565
2026-06-14 22:33:24.809,3359944265,132809,1,-0.5,-0.33154,1.00635,-22.519,43.969,4.099
2026-06-14 22:33:24.809,3359944265,132809,2,0.43213,0.02197,1.03931,7.824,33.511,-4.344
2026-06-14 22:33:24.009,3359943465,133009,1,-0.54199,-0.29272,0.92871,-5.397,17.947,7.244
2026-06-14 22:33:24.009,3359943465,133009,2,0.31348,0.07544,1.06567,0.473,17.756,5.573
2026-06-14 22:33:24.209,3359943665,133209,1,-0.50366,-0.26099,0.81445,-4.718,7.969,7.397
2026-06-14 22:33:24.209,3359943665,133209,2,0.23535,0.0896,1.18311,-7.924,19.275,7.672
2026-06-14 22:33:24.444,3359943900,133444,1,-0.52563,-0.27051,0.79614,0.183,-15.351,1.695
2026-06-14 22:33:24.444,3359943900,133444,2,0.26953,0.05884,1.10303,-3.038,-10.229,3.031
2026-06-14 22:33:25.644,3359945100,133644,1,-0.54419,-0.29468,0.86353,-0.344,-12.038,-9.58
2026-06-14 22:33:25.644,3359945100,133644,2,0.35645,0.02905,1.07568,-4.275,-24.0,7.237
2026-06-14 22:33:25.844,3359945300,133844,1,-0.44995,-0.29517,0.92334,18.519,-23.962,-12.115
2026-06-14 22:33:25.844,3359945300,133844,2,0.52051,-0.05103,0.99927,-12.191,-47.084,-1.206
2026-06-14 22:33:25.078,3359944534,134078,1,-0.24854,-0.28638,0.96289,35.389,-47.511,2.878
2026-06-14 22:33:25.078,3359944534,134078,2,0.677,0.01172,0.87451,1.282,-61.176,-6.473
2026-06-14 22:33:25.280,3359944736,134280,1,-0.14404,-0.17017,1.08154,-5.504,-54.351,-14.008
2026-06-14 22:33:25.280,3359944736,134280,2,0.8396,-0.15479,0.698,-25.931,-80.687,7.366
2026-06-14 22:33:25.480,3359944936,134480,1,0.08203,-0.08374,1.04297,44.908,-76.473,24.496
2026-06-14 22:33:25.480,3359944936,134480,2,1.03491,-0.15063,0.28369,30.473,-105.893,15.55
2026-06-14 22:33:26.685,3359946141,134685,1,0.39819,-0.10913,0.87085,-13.42,-70.634,-7.87
2026-06-14 22:33:26.685,3359946141,134685,2,1.03027,-0.23706,0.00098,-37.771,-80.282,24.603
2026-06-14 22:33:26.885,3359946341,134885,1,0.62695,-0.04272,0.8042,17.115,-65.74,-5.031
2026-06-14 22:33:26.885,3359946341,134885,2,1.04077,-0.1543,-0.17993,-18.13,-52.527,2.511
2026-06-14 22:33:26.085,3359945541,135085,1,0.73926,-0.03857,0.75024,-20.679,-35.275,-17.763
2026-06-14 22:33:26.085,3359945541,135085,2,0.96265,-0.19824,-0.34863,-20.756,-32.702,5.947
2026-06-14 22:33:26.285,3359945741,135285,1,0.82373,-0.0166,0.61719,-19.046,-25.023,-14.87
2026-06-14 22:33:26.285,3359945741,135285,2,0.89087,-0.22119,-0.49658,-32.878,-26.847,6.489
2026-06-14 22:33:26.485,3359945941,135485,1,0.92236,0.04248,0.57837,-16.275,-26.198,-16.137
2026-06-14 22:33:26.485,3359945941,135485,2,0.8584,-0.11987,-0.46777,-24.107,-23.336,36.817
2026-06-14 22:33:27.685,3359947141,135685,1,0.94727,0.00024,0.53125,-40.817,1.771,-51.336
2026-06-14 22:33:27.685,3359947141,135685,2,0.76099,-0.21704,-0.51025,-25.267,5.473,17.847
2026-06-14 22:33:27.925,3359947381,135925,1,1.10303,0.00537,-0.63696,-113.847,13.229,8.878
2026-06-14 22:33:27.925,3359947381,135925,2,0.69531,-0.34204,-0.82617,-161.351,243.664,131.725
2026-06-14 22:33:27.125,3359946581,136125,1,1.04272,0.18555,0.34302,52.115,-10.26,19.252
2026-06-14 22:33:27.125,3359946581,136125,2,0.61646,-0.10864,-0.72168,31.534,32.115,-28.832
2026-06-14 22:33:27.325,3359946781,136325,1,0.94849,0.16357,0.46338,17.962,0.221,5.557
2026-06-14 22:33:27.325,3359946781,136325,2,0.67529,-0.13647,-0.7019,6.252,5.672,-9.496
2026-06-14 22:33:27.525,3359946981,136525,1,0.96362,0.1394,0.42505,7.534,-2.733,-6.206
2026-06-14 22:33:27.525,3359946981,136525,2,0.61206,-0.13208,-0.72021,1.244,-15.992,-10.366
2026-06-14 22:33:28.725,3359948181,136725,1,0.94385,0.20239,0.41846,1.16,-14.267,4.664
2026-06-14 22:33:28.725,3359948181,136725,2,0.59595,-0.14624,-0.75,5.298,-22.443,-3.733
2026-06-14 22:33:28.925,3359948381,136925,1,1.01514,0.12646,0.31006,6.45,-12.282,7.847
2026-06-14 22:33:28.925,3359948381,136925,2,0.55176,-0.15015,-0.80493,16.252,-3.145,-20.275
2026-06-14 22:33:28.150,3359947606,137150,1,0.99902,0.15576,0.33032,3.107,2.618,8.252
2026-06-14 22:33:28.150,3359947606,137150,2,0.53564,-0.14526,-0.77686,5.221,-1.55,-0.733
2026-06-14 22:33:28.350,3359947806,137350,1,1.01831,0.09717,0.27734,1.389,6.26,6.176
2026-06-14 22:33:28.350,3359947806,137350,2,0.52295,-0.16406,-0.81958,-3.626,3.42,-6.275
2026-06-14 22:33:28.550,3359948006,137550,1,1.04004,0.021,0.28931,16.74,10.763,1.26
2026-06-14 22:33:28.550,3359948006,137550,2,0.5708,-0.14478,-0.771,29.176,13.344,-30.557
2026-06-14 22:33:29.750,3359949206,137750,1,0.95435,0.15381,0.45215,-34.534,12.359,-24.672
2026-06-14 22:33:29.750,3359949206,137750,2,0.67944,-0.11035,-0.64355,-26.389,12.076,16.008
2026-06-14 22:33:29.950,3359949406,137950,1,0.97217,0.11353,0.37134,-7.87,4.634,2.298
2026-06-14 22:33:29.950,3359949406,137950,2,0.60547,-0.15698,-0.72388,-6.366,8.786,13.237
2026-06-14 22:33:29.150,3359948606,138150,1,0.98901,0.09351,0.37915,11.733,10.26,18.885
2026-06-14 22:33:29.150,3359948606,138150,2,0.63599,-0.11328,-0.72314,17.099,6.412,-12.473
2026-06-14 22:33:29.351,3359948807,138351,1,0.9646,0.06543,0.41797,24.252,1.725,-0.824
2026-06-14 22:33:29.351,3359948807,138351,2,0.65918,-0.13428,-0.71631,3.656,-1.924,-0.87
2026-06-14 22:33:29.551,3359949007,138551,1,0.9707,0.06763,0.38501,-13.015,-5.466,-15.214
2026-06-14 22:33:29.551,3359949007,138551,2,0.66333,-0.17407,-0.71143,-8.092,-3.023,1.947
2026-06-14 22:33:30.751,3359950207,138751,1,0.99756,0.10815,0.37036,-2.565,2.084,0.443
2026-06-14 22:33:30.751,3359950207,138751,2,0.66992,-0.17871,-0.7312,5.794,9.053,-4.336
2026-06-14 22:33:30.951,3359950407,138951,1,1.00171,0.09424,0.37769,17.122,17.061,10.84
2026-06-14 22:33:30.951,3359950407,138951,2,0.65063,-0.19287,-0.70923,23.061,10.786,-30.282
2026-06-14 22:33:30.151,3359949607,139151,1,0.98169,0.10889,0.41699,67.328,28.45,34.71
2026-06-14 22:33:30.151,3359949607,139151,2,0.71094,-0.14014,-0.65894,60.008,23.092,-68.366
2026-06-14 22:33:30.351,3359949807,139351,1,0.88672,0.2019,0.51929,78.305,34.908,35.847
2026-06-14 22:33:30.351,3359949807,139351,2,0.7981,0.00342,-0.59985,59.489,11.71,-58.504
2026-06-14 22:33:30.551,3359950007,139551,1,0.87207,0.1499,0.61035,25.244,0.443,13.382
2026-06-14 22:33:30.551,3359950007,139551,2,0.76831,-0.0127,-0.56934,16.817,-15.794,-14.55
2026-06-14 22:33:31.777,3359951233,139777,1,0.93188,0.10352,0.4917,-5.931,-15.802,-6.405
2026-06-14 22:33:31.777,3359951233,139777,2,0.81226,-0.16309,-0.63013,-13.45,-3.328,9.924
2026-06-14 22:33:31.014,3359950470,140014,1,0.94922,0.09424,0.43994,-20.931,-1.198,-4.649
2026-06-14 22:33:31.014,3359950470,140014,2,0.73071,-0.14014,-0.63672,-14.466,-10.947,38.29
2026-06-14 22:33:31.214,3359950670,140214,1,0.96655,0.06128,0.44067,-19.679,5.427,-4.634
2026-06-14 22:33:31.214,3359950670,140214,2,0.6582,-0.16064,-0.69849,-10.458,3.763,20.626
2026-06-14 22:33:31.414,3359950870,140414,1,0.92944,0.02734,0.42578,-8.748,-13.321,-11.939
2026-06-14 22:33:31.414,3359950870,140414,2,0.87451,-0.06958,-0.75439,14.443,-19.237,-16.0
2026-06-14 22:33:32.650,3359952106,140650,1,0.97803,0.10156,0.46802,-12.893,-6.13,-12.618
2026-06-14 22:33:32.650,3359952106,140650,2,0.68774,-0.22021,-0.66333,-7.931,11.542,12.183
2026-06-14 22:33:32.852,3359952308,140852,1,0.9043,0.14844,0.53882,-17.359,4.183,3.321
2026-06-14 22:33:32.852,3359952308,140852,2,0.72778,-0.14233,-0.6355,-10.519,15.969,17.26
2026-06-14 22:33:32.052,3359951508,141052,1,0.95825,0.08081,0.46582,-33.26,-1.939,0.603
2026-06-14 22:33:32.052,3359951508,141052,2,0.70239,-0.12891,-0.66113,-14.924,1.74,27.405
2026-06-14 22:33:32.260,3359951716,141260,1,0.95703,0.10156,0.46802,-27.321,0.221,-8.855
2026-06-14 22:33:32.260,3359951716,141260,2,0.68726,-0.10938,-0.69556,-22.221,-3.107,31.076
2026-06-14 22:33:32.460,3359951916,141460,1,1.00562,0.01709,0.4104,-22.779,-16.008,-25.023
2026-06-14 22:33:32.460,3359951916,141460,2,0.59766,-0.22754,-0.72266,-26.527,-25.389,29.832
2026-06-14 22:33:33.660,3359953116,141660,1,0.98682,0.03125,0.39429,29.076,-3.214,3.802
2026-06-14 22:33:33.660,3359953116,141660,2,0.56104,-0.18018,-0.75366,8.939,-14.214,-34.519
2026-06-14 22:33:33.860,3359953316,141860,1,1.00879,0.08569,0.36548,46.237,0.84,14.298
2026-06-14 22:33:33.860,3359953316,141860,2,0.57886,-0.12329,-0.78076,22.779,-3.214,-44.42
2026-06-14 22:33:33.060,3359952516,142060,1,1.00439,0.10962,0.33423,42.359,4.099,16.137
2026-06-14 22:33:33.060,3359952516,142060,2,0.54053,-0.12598,-0.79272,13.023,-9.611,-23.389
2026-06-14 22:33:33.260,3359952716,142260,1,1.02197,0.07373,0.32471,23.763,2.321,11.267
2026-06-14 22:33:33.260,3359952716,142260,2,0.57397,-0.12573,-0.82495,21.466,8.435,-17.763
2026-06-14 22:33:33.460,3359952916,142460,1,1.02979,0.08789,0.32007,26.496,7.641,8.389
2026-06-14 22:33:33.460,3359952916,142460,2,0.58911,-0.1499,-0.7666,23.42,22.588,-17.305
2026-06-14 22:33:34.660,3359954116,142660,1,0.98853,0.07642,0.34985,8.015,6.023,3.0
2026-06-14 22:33:34.660,3359954116,142660,2,0.57739,-0.14087,-0.76685,3.588,1.107,-3.405
2026-06-14 22:33:34.860,3359954316,142860,1,0.99463,0.08325,0.33838,7.916,0.046,5.473
2026-06-14 22:33:34.860,3359954316,142860,2,0.5686,-0.14502,-0.76538,-0.931,-6.58,-0.908
2026-06-14 22:33:34.060,3359953516,143060,1,1.00366,0.09253,0.3457,-2.206,-8.916,4.137
2026-06-14 22:33:34.060,3359953516,143060,2,0.56714,-0.12866,-0.80518,-4.756,-7.153,3.26
